2026-04-22 14:49:11,683 INFO loading dataset C:\Users\saumi\Desktop\CODES\openenv-DGXAI\benckmark-codeforge\dataset\mbpp.jsonl
2026-04-22 14:49:11,696 INFO dataset: 974 tasks, sha256=616cbea1e7b2123d6889382cccacb6ba29481fd873d2e716fddcaf1e7f3e20de
2026-04-22 14:49:11,697 INFO limited to 10 tasks
2026-04-22 14:49:11,697 INFO === running mode=no_test on 10 tasks (concurrency=8) ===
2026-04-22 14:53:00,201 INFO task=609 mode=no_test pass=False reason=no_code_block latency=228.08s
2026-04-22 14:53:00,201 INFO task=606 mode=no_test pass=False reason=no_code_block latency=228.08s
2026-04-22 14:53:00,202 INFO task=610 mode=no_test pass=False reason=no_code_block latency=228.09s
2026-04-22 14:53:00,202 INFO task=603 mode=no_test pass=False reason=no_code_block latency=228.08s
2026-04-22 14:53:00,203 INFO task=607 mode=no_test pass=False reason=no_code_block latency=228.09s
2026-04-22 14:53:00,204 INFO task=604 mode=no_test pass=False reason=no_code_block latency=228.08s
2026-04-22 14:53:00,204 INFO task=608 mode=no_test pass=False reason=no_code_block latency=228.09s
2026-04-22 14:53:00,206 INFO task=605 mode=no_test pass=False reason=no_code_block latency=228.09s
2026-04-22 14:56:12,263 INFO task=602 mode=no_test pass=False reason=no_code_block latency=192.06s
2026-04-22 14:56:12,264 INFO task=601 mode=no_test pass=False reason=no_code_block latency=192.06s
2026-04-22 14:56:12,264 INFO mode=no_test progress 10/10
2026-04-22 14:56:12,264 INFO mode=no_test pass@1=0.0000 (0/10)
2026-04-22 14:56:12,264 INFO === running mode=with_test on 10 tasks (concurrency=8) ===
2026-04-22 14:57:08,138 INFO task=607 mode=with_test pass=False reason=no_code_block latency=55.68s
2026-04-22 14:59:54,531 INFO task=605 mode=with_test pass=False reason=no_code_block latency=222.07s
2026-04-22 14:59:54,534 INFO task=606 mode=with_test pass=False reason=no_code_block latency=222.07s
2026-04-22 14:59:54,537 INFO task=610 mode=with_test pass=False reason=no_code_block latency=222.07s
2026-04-22 14:59:54,539 INFO task=603 mode=with_test pass=False reason=no_code_block latency=222.07s
2026-04-22 14:59:54,541 INFO task=609 mode=with_test pass=False reason=no_code_block latency=222.08s
2026-04-22 14:59:54,543 INFO task=608 mode=with_test pass=False reason=no_code_block latency=222.08s
2026-04-22 14:59:54,545 INFO task=604 mode=with_test pass=False reason=no_code_block latency=222.08s
2026-04-22 15:00:14,229 INFO task=602 mode=with_test pass=False reason=no_code_block latency=186.09s
2026-04-22 15:03:00,599 INFO task=601 mode=with_test pass=False reason=no_code_block latency=186.05s
2026-04-22 15:03:00,600 INFO mode=with_test progress 10/10
2026-04-22 15:03:00,604 INFO mode=with_test pass@1=0.0000 (0/10)
2026-04-22 15:03:00,604 INFO === done ===
2026-04-22 15:03:00,604 INFO no_test: pass@1=0.0000 n=10
2026-04-22 15:03:00,604 INFO with_test: pass@1=0.0000 n=10
2026-04-22 15:06:14,615 INFO loading dataset C:\Users\saumi\Desktop\CODES\openenv-DGXAI\benckmark-codeforge\dataset\mbpp.jsonl
2026-04-22 15:06:14,624 INFO dataset: 974 tasks, sha256=616cbea1e7b2123d6889382cccacb6ba29481fd873d2e716fddcaf1e7f3e20de
2026-04-22 15:06:14,625 INFO limited to 5 tasks
2026-04-22 15:06:14,625 INFO === running mode=no_test on 5 tasks (concurrency=2) ===
2026-04-22 15:06:53,846 INFO task=604 mode=no_test pass=True reason=pass latency=38.81s
2026-04-22 15:08:31,503 INFO task=605 mode=no_test pass=False reason=no_code_block latency=136.58s
2026-04-22 15:10:13,502 INFO task=603 mode=no_test pass=False reason=no_code_block latency=199.76s
2026-04-22 15:11:50,868 INFO task=602 mode=no_test pass=False reason=no_code_block latency=199.36s
2026-04-22 15:13:22,979 INFO task=601 mode=no_test pass=False reason=no_code_block latency=189.48s
2026-04-22 15:13:22,979 INFO mode=no_test progress 5/5
2026-04-22 15:13:22,981 INFO mode=no_test pass@1=0.2000 (1/5)
2026-04-22 15:13:22,981 INFO === running mode=with_test on 5 tasks (concurrency=2) ===
2026-04-22 15:15:03,467 INFO task=605 mode=with_test pass=False reason=no_code_block latency=100.24s
2026-04-22 15:16:02,480 INFO task=604 mode=with_test pass=True reason=pass latency=159.18s
2026-04-22 15:17:39,123 INFO task=603 mode=with_test pass=False reason=no_code_block latency=155.65s
2026-04-22 15:24:04,556 INFO task=602 mode=with_test pass=False reason=no_code_block latency=482.15s
2026-04-22 15:25:23,069 INFO task=601 mode=with_test pass=False reason=no_code_block latency=463.95s
2026-04-22 15:25:23,070 INFO mode=with_test progress 5/5
2026-04-22 15:25:23,074 INFO mode=with_test pass@1=0.2000 (1/5)
2026-04-22 15:25:23,074 INFO === done ===
2026-04-22 15:25:23,075 INFO no_test: pass@1=0.2000 n=5
2026-04-22 15:25:23,075 INFO with_test: pass@1=0.2000 n=5
2026-04-22 15:32:34,994 INFO loading dataset C:\Users\saumi\Desktop\CODES\openenv-DGXAI\benckmark-codeforge\dataset\mbpp.jsonl
2026-04-22 15:32:35,005 INFO dataset: 974 tasks, sha256=616cbea1e7b2123d6889382cccacb6ba29481fd873d2e716fddcaf1e7f3e20de
2026-04-22 15:32:35,005 INFO limited to 5 tasks
2026-04-22 15:32:35,005 INFO building KB retriever from C:\Users\saumi\Desktop\CODES\openenv-DGXAI\CODEFORGE\codeforge\kb\skills_corpus.jsonl
2026-04-22 15:32:35,092 INFO KB ready: 2212 nodes
2026-04-22 15:32:35,092 INFO === running mode=without_mcp on 5 tasks (concurrency=4, kb=False) ===
2026-04-22 15:32:36,971 INFO task=604 mode=without_mcp pass=True reason=pass latency=1.53s
2026-04-22 15:32:38,620 INFO task=605 mode=without_mcp pass=True reason=pass latency=3.16s
2026-04-22 15:32:40,317 INFO task=602 mode=without_mcp pass=False reason=assertion_error latency=4.87s
2026-04-22 15:32:42,715 INFO task=603 mode=without_mcp pass=False reason=assertion_error latency=7.27s
2026-04-22 15:32:46,960 INFO task=601 mode=without_mcp pass=False reason=name_error latency=9.97s
2026-04-22 15:32:46,961 INFO mode=without_mcp progress 5/5
2026-04-22 15:32:46,963 INFO mode=without_mcp pass@1=0.4000 (2/5)
2026-04-22 15:32:46,964 INFO === running mode=with_mcp on 5 tasks (concurrency=4, kb=True) ===
2026-04-22 15:32:52,005 INFO task=605 mode=with_mcp pass=True reason=pass latency=4.74s
2026-04-22 15:32:55,808 INFO task=603 mode=with_mcp pass=False reason=assertion_error latency=8.56s
2026-04-22 15:32:58,374 INFO task=604 mode=with_mcp pass=True reason=pass latency=11.12s
2026-04-22 15:33:04,981 INFO task=601 mode=with_mcp pass=False reason=name_error latency=17.72s
2026-04-22 15:33:08,608 INFO task=602 mode=with_mcp pass=False reason=assertion_error latency=16.61s
2026-04-22 15:33:08,608 INFO mode=with_mcp progress 5/5
2026-04-22 15:33:08,609 INFO mode=with_mcp pass@1=0.4000 (2/5)
2026-04-22 15:33:08,609 INFO === done ===
2026-04-22 15:33:08,609 INFO without_mcp: pass@1=0.4000 n=5
2026-04-22 15:33:08,609 INFO with_mcp: pass@1=0.4000 n=5
2026-04-22 15:33:42,429 INFO loading dataset C:\Users\saumi\Desktop\CODES\openenv-DGXAI\benckmark-codeforge\dataset\mbpp.jsonl
2026-04-22 15:33:42,438 INFO dataset: 974 tasks, sha256=616cbea1e7b2123d6889382cccacb6ba29481fd873d2e716fddcaf1e7f3e20de
2026-04-22 15:33:42,438 INFO building KB retriever from C:\Users\saumi\Desktop\CODES\openenv-DGXAI\CODEFORGE\codeforge\kb\skills_corpus.jsonl
2026-04-22 15:33:42,504 INFO KB ready: 2212 nodes
2026-04-22 15:33:42,505 INFO === running mode=without_mcp on 974 tasks (concurrency=4, kb=False) ===
2026-04-22 15:33:44,610 INFO task=146 mode=without_mcp pass=False reason=assertion_error latency=1.76s
2026-04-22 15:33:45,904 INFO task=59 mode=without_mcp pass=False reason=assertion_error latency=3.05s
2026-04-22 15:33:47,368 INFO task=759 mode=without_mcp pass=False reason=assertion_error latency=4.52s
2026-04-22 15:33:48,358 INFO task=211 mode=without_mcp pass=True reason=pass latency=5.50s
2026-04-22 15:33:49,712 INFO task=694 mode=without_mcp pass=False reason=assertion_error latency=5.11s
2026-04-22 15:33:53,322 INFO task=395 mode=without_mcp pass=True reason=pass latency=7.41s
2026-04-22 15:33:54,726 INFO task=832 mode=without_mcp pass=True reason=pass latency=7.35s
2026-04-22 15:33:55,644 INFO task=892 mode=without_mcp pass=True reason=pass latency=7.27s
2026-04-22 15:33:58,431 INFO task=927 mode=without_mcp pass=False reason=name_error latency=8.71s
2026-04-22 15:34:00,335 INFO task=87 mode=without_mcp pass=False reason=assertion_error latency=7.02s
2026-04-22 15:34:01,818 INFO task=267 mode=without_mcp pass=True reason=pass latency=7.08s
2026-04-22 15:34:06,009 INFO task=325 mode=without_mcp pass=True reason=pass latency=10.37s
2026-04-22 15:34:11,866 INFO task=469 mode=without_mcp pass=False reason=assertion_error latency=13.42s
2026-04-22 15:34:12,763 INFO task=501 mode=without_mcp pass=False reason=name_error latency=12.41s
2026-04-22 15:34:13,748 INFO task=632 mode=without_mcp pass=False reason=assertion_error latency=11.94s
2026-04-22 15:34:15,867 INFO task=778 mode=without_mcp pass=False reason=assertion_error latency=9.86s
2026-04-22 15:34:17,129 INFO task=27 mode=without_mcp pass=False reason=assertion_error latency=5.28s
2026-04-22 15:34:20,109 INFO task=159 mode=without_mcp pass=True reason=pass latency=7.38s
2026-04-22 15:34:22,086 INFO task=214 mode=without_mcp pass=False reason=assertion_error latency=8.32s
2026-04-22 15:34:24,223 INFO task=717 mode=without_mcp pass=False reason=assertion_error latency=8.36s
2026-04-22 15:34:25,352 INFO task=409 mode=without_mcp pass=True reason=pass latency=8.21s
2026-04-22 15:34:26,425 INFO task=804 mode=without_mcp pass=False reason=assertion_error latency=6.30s
2026-04-22 15:34:27,430 INFO task=868 mode=without_mcp pass=False reason=runtime_error latency=5.34s
2026-04-22 15:34:28,423 INFO task=948 mode=without_mcp pass=True reason=pass latency=4.21s
2026-04-22 15:34:29,334 INFO task=93 mode=without_mcp pass=True reason=pass latency=3.99s
2026-04-22 15:34:29,334 INFO mode=without_mcp progress 25/974
2026-04-22 15:34:30,884 INFO task=271 mode=without_mcp pass=True reason=pass latency=4.47s
2026-04-22 15:34:33,488 INFO task=342 mode=without_mcp pass=False reason=assertion_error latency=6.08s
2026-04-22 15:34:35,616 INFO task=455 mode=without_mcp pass=True reason=pass latency=7.19s
2026-04-22 15:34:36,749 INFO task=517 mode=without_mcp pass=True reason=pass latency=7.41s
2026-04-22 15:34:37,748 INFO task=635 mode=without_mcp pass=True reason=pass latency=6.86s
2026-04-22 15:34:40,280 INFO task=767 mode=without_mcp pass=False reason=assertion_error latency=6.79s
2026-04-22 15:34:41,825 INFO task=37 mode=without_mcp pass=False reason=runtime_error latency=6.22s
2026-04-22 15:34:42,982 INFO task=151 mode=without_mcp pass=False reason=name_error latency=6.23s
2026-04-22 15:34:44,204 INFO task=220 mode=without_mcp pass=False reason=assertion_error latency=6.47s
2026-04-22 15:34:45,260 INFO task=718 mode=without_mcp pass=True reason=pass latency=4.97s
2026-04-22 15:34:46,693 INFO task=393 mode=without_mcp pass=True reason=pass latency=4.86s
2026-04-22 15:34:47,932 INFO task=824 mode=without_mcp pass=True reason=pass latency=4.95s
2026-04-22 15:34:49,632 INFO task=872 mode=without_mcp pass=False reason=assertion_error latency=5.42s
2026-04-22 15:34:51,352 INFO task=930 mode=without_mcp pass=False reason=assertion_error latency=6.08s
2026-04-22 15:34:54,256 INFO task=114 mode=without_mcp pass=False reason=assertion_error latency=7.55s
2026-04-22 15:34:55,748 INFO task=261 mode=without_mcp pass=True reason=pass latency=7.81s
2026-04-22 15:34:57,605 INFO task=343 mode=without_mcp pass=False reason=assertion_error latency=7.97s
2026-04-22 15:34:58,664 INFO task=447 mode=without_mcp pass=False reason=runtime_error latency=7.33s
2026-04-22 15:34:59,622 INFO task=518 mode=without_mcp pass=True reason=pass latency=5.37s
2026-04-22 15:35:01,637 INFO task=641 mode=without_mcp pass=False reason=assertion_error latency=5.88s
2026-04-22 15:35:02,740 INFO task=781 mode=without_mcp pass=False reason=assertion_error latency=5.13s
2026-04-22 15:35:04,136 INFO task=26 mode=without_mcp pass=False reason=assertion_error latency=5.48s
2026-04-22 15:35:17,950 INFO task=161 mode=without_mcp pass=True reason=pass latency=18.33s
2026-04-22 15:35:37,673 INFO task=235 mode=without_mcp pass=False reason=assertion_error latency=36.05s
2026-04-22 15:38:20,037 INFO task=689 mode=without_mcp pass=True reason=pass latency=197.30s
2026-04-22 15:38:20,037 INFO mode=without_mcp progress 50/974
2026-04-22 15:38:22,655 INFO task=401 mode=without_mcp pass=True reason=pass latency=198.50s
2026-04-22 15:38:23,796 INFO task=818 mode=without_mcp pass=True reason=pass latency=185.85s
2026-04-22 15:38:25,229 INFO task=867 mode=without_mcp pass=False reason=assertion_error latency=167.56s
2026-04-22 15:38:44,036 INFO task=938 mode=without_mcp pass=False reason=assertion_error latency=24.01s
2026-04-22 15:38:45,236 INFO task=89 mode=without_mcp pass=True reason=pass latency=22.54s
2026-04-22 15:38:46,683 INFO task=263 mode=without_mcp pass=True reason=pass latency=22.89s
2026-04-22 15:38:48,443 INFO task=344 mode=without_mcp pass=False reason=assertion_error latency=23.22s
2026-04-22 15:38:49,986 INFO task=475 mode=without_mcp pass=True reason=pass latency=5.95s
2026-04-22 15:38:51,258 INFO task=519 mode=without_mcp pass=False reason=assertion_error latency=6.07s
2026-04-22 15:38:53,493 INFO task=644 mode=without_mcp pass=False reason=assertion_error latency=6.79s
2026-04-22 15:39:04,574 INFO task=783 mode=without_mcp pass=False reason=assertion_error latency=16.13s
2026-04-22 15:39:07,406 INFO task=43 mode=without_mcp pass=False reason=assertion_error latency=17.41s
2026-04-22 15:39:09,713 INFO task=182 mode=without_mcp pass=False reason=assertion_error latency=18.46s
2026-04-22 15:39:12,508 INFO task=237 mode=without_mcp pass=False reason=name_error latency=19.02s
2026-04-22 15:39:16,168 INFO task=692 mode=without_mcp pass=False reason=name_error latency=11.60s
2026-04-22 15:39:18,455 INFO task=392 mode=without_mcp pass=False reason=runtime_error latency=11.06s
2026-04-22 15:39:19,741 INFO task=827 mode=without_mcp pass=True reason=pass latency=10.04s
2026-04-22 15:39:21,557 INFO task=875 mode=without_mcp pass=True reason=pass latency=9.06s
2026-04-22 15:39:23,029 INFO task=926 mode=without_mcp pass=False reason=assertion_error latency=6.85s
2026-04-22 15:39:24,544 INFO task=97 mode=without_mcp pass=False reason=assertion_error latency=6.09s
2026-04-22 15:39:26,108 INFO task=272 mode=without_mcp pass=True reason=pass latency=6.34s
2026-04-22 15:39:27,484 INFO task=334 mode=without_mcp pass=True reason=pass latency=5.93s
2026-04-22 15:39:29,326 INFO task=445 mode=without_mcp pass=False reason=runtime_error latency=6.31s
2026-04-22 15:39:31,340 INFO task=590 mode=without_mcp pass=False reason=name_error latency=6.79s
2026-04-22 15:39:35,465 INFO task=512 mode=without_mcp pass=False reason=assertion_error latency=9.39s
2026-04-22 15:39:35,465 INFO mode=without_mcp progress 75/974
2026-04-22 15:39:38,406 INFO task=645 mode=without_mcp pass=False reason=assertion_error latency=10.89s
2026-04-22 15:39:40,092 INFO task=753 mode=without_mcp pass=True reason=pass latency=10.76s
2026-04-22 15:39:41,456 INFO task=41 mode=without_mcp pass=True reason=pass latency=10.08s
2026-04-22 15:39:43,096 INFO task=174 mode=without_mcp pass=False reason=name_error latency=7.62s
2026-04-22 15:39:44,544 INFO task=240 mode=without_mcp pass=False reason=assertion_error latency=6.16s
2026-04-22 15:39:45,891 INFO task=686 mode=without_mcp pass=False reason=assertion_error latency=5.80s
2026-04-22 15:39:48,093 INFO task=389 mode=without_mcp pass=True reason=pass latency=6.66s
2026-04-22 15:39:48,957 INFO task=820 mode=without_mcp pass=True reason=pass latency=5.86s
2026-04-22 15:39:50,417 INFO task=877 mode=without_mcp pass=True reason=pass latency=5.87s
2026-04-22 15:39:51,431 INFO task=957 mode=without_mcp pass=False reason=assertion_error latency=5.53s
2026-04-22 15:39:52,374 INFO task=99 mode=without_mcp pass=True reason=pass latency=4.29s
2026-04-22 15:39:54,314 INFO task=277 mode=without_mcp pass=False reason=assertion_error latency=5.35s
2026-04-22 15:39:55,732 INFO task=347 mode=without_mcp pass=False reason=assertion_error latency=5.32s
2026-04-22 15:39:56,916 INFO task=454 mode=without_mcp pass=False reason=assertion_error latency=5.49s
2026-04-22 15:39:58,183 INFO task=568 mode=without_mcp pass=True reason=pass latency=5.82s
2026-04-22 15:39:59,284 INFO task=500 mode=without_mcp pass=False reason=assertion_error latency=4.97s
2026-04-22 15:40:00,364 INFO task=646 mode=without_mcp pass=True reason=pass latency=4.63s
2026-04-22 15:40:01,866 INFO task=762 mode=without_mcp pass=True reason=pass latency=4.95s
2026-04-22 15:40:05,067 INFO task=32 mode=without_mcp pass=False reason=assertion_error latency=6.88s
2026-04-22 15:40:06,006 INFO task=176 mode=without_mcp pass=True reason=pass latency=6.72s
2026-04-22 15:40:06,894 INFO task=204 mode=without_mcp pass=True reason=pass latency=6.51s
2026-04-22 15:40:09,454 INFO task=701 mode=without_mcp pass=False reason=assertion_error latency=7.58s
2026-04-22 15:40:10,644 INFO task=412 mode=without_mcp pass=True reason=pass latency=5.58s
2026-04-22 15:40:12,499 INFO task=821 mode=without_mcp pass=True reason=pass latency=6.49s
2026-04-22 15:40:14,096 INFO task=879 mode=without_mcp pass=False reason=assertion_error latency=7.22s
2026-04-22 15:40:14,096 INFO mode=without_mcp progress 100/974
2026-04-22 15:40:15,758 INFO task=933 mode=without_mcp pass=False reason=assertion_error latency=6.30s
2026-04-22 15:40:17,000 INFO task=86 mode=without_mcp pass=False reason=assertion_error latency=6.35s
2026-04-22 15:40:18,507 INFO task=274 mode=without_mcp pass=False reason=assertion_error latency=6.01s
2026-04-22 15:40:19,714 INFO task=373 mode=without_mcp pass=True reason=pass latency=5.61s
2026-04-22 15:40:21,067 INFO task=459 mode=without_mcp pass=True reason=pass latency=5.31s
2026-04-22 15:40:22,317 INFO task=575 mode=without_mcp pass=False reason=runtime_error latency=5.32s
2026-04-22 15:40:23,667 INFO task=507 mode=without_mcp pass=True reason=pass latency=5.16s
2026-04-22 15:40:24,801 INFO task=637 mode=without_mcp pass=True reason=pass latency=5.10s
2026-04-22 15:40:26,104 INFO task=752 mode=without_mcp pass=True reason=pass latency=5.04s
2026-04-22 15:40:27,241 INFO task=34 mode=without_mcp pass=False reason=assertion_error latency=4.93s
2026-04-22 15:40:28,471 INFO task=170 mode=without_mcp pass=True reason=pass latency=4.82s
2026-04-22 15:40:29,813 INFO task=212 mode=without_mcp pass=True reason=pass latency=5.02s
2026-04-22 15:40:31,673 INFO task=690 mode=without_mcp pass=True reason=pass latency=5.57s
2026-04-22 15:40:33,035 INFO task=390 mode=without_mcp pass=True reason=pass latency=5.79s
2026-04-22 15:40:34,094 INFO task=812 mode=without_mcp pass=False reason=assertion_error latency=5.62s
2026-04-22 15:40:35,603 INFO task=883 mode=without_mcp pass=True reason=pass latency=5.78s
2026-04-22 15:40:36,490 INFO task=937 mode=without_mcp pass=True reason=pass latency=4.82s
2026-04-22 15:40:37,881 INFO task=94 mode=without_mcp pass=True reason=pass latency=4.85s
2026-04-22 15:40:39,847 INFO task=280 mode=without_mcp pass=True reason=pass latency=5.75s
2026-04-22 15:40:40,960 INFO task=356 mode=without_mcp pass=True reason=pass latency=5.36s
2026-04-22 15:40:42,253 INFO task=456 mode=without_mcp pass=True reason=pass latency=5.76s
2026-04-22 15:40:43,405 INFO task=569 mode=without_mcp pass=True reason=pass latency=5.53s
2026-04-22 15:40:44,793 INFO task=498 mode=without_mcp pass=True reason=pass latency=4.94s
2026-04-22 15:40:46,370 INFO task=639 mode=without_mcp pass=True reason=pass latency=5.39s
2026-04-22 15:40:48,769 INFO task=766 mode=without_mcp pass=True reason=pass latency=6.51s
2026-04-22 15:40:48,771 INFO mode=without_mcp progress 125/974
2026-04-22 15:40:50,303 INFO task=42 mode=without_mcp pass=True reason=pass latency=6.87s
2026-04-22 15:40:53,422 INFO task=149 mode=without_mcp pass=False reason=assertion_error latency=8.64s
2026-04-22 15:40:55,576 INFO task=228 mode=without_mcp pass=False reason=assertion_error latency=9.22s
2026-04-22 15:40:57,211 INFO task=706 mode=without_mcp pass=True reason=pass latency=8.44s
2026-04-22 15:40:58,319 INFO task=405 mode=without_mcp pass=True reason=pass latency=8.03s
2026-04-22 15:40:59,084 INFO task=813 mode=without_mcp pass=True reason=pass latency=5.67s
2026-04-22 15:41:00,361 INFO task=891 mode=without_mcp pass=True reason=pass latency=4.79s
2026-04-22 15:41:02,028 INFO task=946 mode=without_mcp pass=False reason=assertion_error latency=4.81s
2026-04-22 15:41:03,367 INFO task=102 mode=without_mcp pass=True reason=pass latency=5.05s
2026-04-22 15:41:04,485 INFO task=281 mode=without_mcp pass=True reason=pass latency=5.39s
2026-04-22 15:41:05,931 INFO task=332 mode=without_mcp pass=True reason=pass latency=5.57s
2026-04-22 15:41:07,378 INFO task=450 mode=without_mcp pass=True reason=pass latency=5.36s
2026-04-22 15:41:08,836 INFO task=573 mode=without_mcp pass=False reason=name_error latency=5.46s
2026-04-22 15:41:10,355 INFO task=506 mode=without_mcp pass=False reason=assertion_error latency=5.87s
2026-04-22 15:41:12,303 INFO task=647 mode=without_mcp pass=False reason=name_error latency=6.37s
2026-04-22 15:41:13,372 INFO task=768 mode=without_mcp pass=True reason=pass latency=6.00s
2026-04-22 15:41:15,105 INFO task=47 mode=without_mcp pass=False reason=assertion_error latency=6.27s
2026-04-22 15:41:18,368 INFO task=169 mode=without_mcp pass=True reason=pass latency=8.03s
2026-04-22 15:41:19,728 INFO task=238 mode=without_mcp pass=True reason=pass latency=7.42s
2026-04-22 15:41:21,716 INFO task=697 mode=without_mcp pass=True reason=pass latency=8.34s
2026-04-22 15:41:26,924 INFO task=407 mode=without_mcp pass=False reason=assertion_error latency=11.80s
2026-04-22 15:41:31,815 INFO task=815 mode=without_mcp pass=False reason=assertion_error latency=13.43s
2026-04-22 15:41:33,152 INFO task=893 mode=without_mcp pass=True reason=pass latency=13.41s
2026-04-22 15:41:35,308 INFO task=970 mode=without_mcp pass=True reason=pass latency=13.59s
2026-04-22 15:41:36,511 INFO task=83 mode=without_mcp pass=False reason=assertion_error latency=9.61s
2026-04-22 15:41:36,511 INFO mode=without_mcp progress 150/974
2026-04-22 15:41:38,720 INFO task=289 mode=without_mcp pass=False reason=assertion_error latency=6.92s
2026-04-22 15:41:40,411 INFO task=335 mode=without_mcp pass=False reason=assertion_error latency=7.28s
2026-04-22 15:41:41,547 INFO task=460 mode=without_mcp pass=True reason=pass latency=6.24s
2026-04-22 15:41:42,433 INFO task=582 mode=without_mcp pass=True reason=pass latency=5.94s
2026-04-22 15:41:44,381 INFO task=503 mode=without_mcp pass=True reason=pass latency=5.65s
2026-04-22 15:41:47,244 INFO task=648 mode=without_mcp pass=False reason=assertion_error latency=6.82s
2026-04-22 15:41:48,918 INFO task=748 mode=without_mcp pass=False reason=assertion_error latency=7.36s
2026-04-22 15:41:50,673 INFO task=44 mode=without_mcp pass=False reason=assertion_error latency=8.24s
2026-04-22 15:41:53,475 INFO task=189 mode=without_mcp pass=True reason=pass latency=9.08s
2026-04-22 15:41:55,021 INFO task=202 mode=without_mcp pass=False reason=assertion_error latency=7.78s
2026-04-22 15:41:57,101 INFO task=696 mode=without_mcp pass=False reason=runtime_error latency=8.19s
2026-04-22 15:41:58,632 INFO task=402 mode=without_mcp pass=False reason=name_error latency=7.95s
2026-04-22 15:41:59,903 INFO task=825 mode=without_mcp pass=True reason=pass latency=6.44s
2026-04-22 15:42:03,018 INFO task=888 mode=without_mcp pass=True reason=pass latency=8.00s
2026-04-22 15:42:04,320 INFO task=972 mode=without_mcp pass=False reason=assertion_error latency=7.23s
2026-04-22 15:42:08,557 INFO task=103 mode=without_mcp pass=False reason=assertion_error latency=9.93s
2026-04-22 15:42:10,053 INFO task=287 mode=without_mcp pass=True reason=pass latency=10.15s
2026-04-22 15:42:11,585 INFO task=322 mode=without_mcp pass=True reason=pass latency=8.58s
2026-04-22 15:42:16,474 INFO task=463 mode=without_mcp pass=True reason=pass latency=12.16s
2026-04-22 15:42:18,742 INFO task=583 mode=without_mcp pass=False reason=name_error latency=10.19s
2026-04-22 15:42:20,474 INFO task=509 mode=without_mcp pass=True reason=pass latency=10.41s
2026-04-22 15:42:22,095 INFO task=634 mode=without_mcp pass=True reason=pass latency=10.49s
2026-04-22 15:42:24,798 INFO task=771 mode=without_mcp pass=False reason=runtime_error latency=8.30s
2026-04-22 15:42:26,276 INFO task=50 mode=without_mcp pass=True reason=pass latency=7.52s
2026-04-22 15:42:27,903 INFO task=157 mode=without_mcp pass=False reason=assertion_error latency=7.41s
2026-04-22 15:42:27,903 INFO mode=without_mcp progress 175/974
2026-04-22 15:42:29,955 INFO task=221 mode=without_mcp pass=True reason=pass latency=7.88s
2026-04-22 15:42:32,814 INFO task=687 mode=without_mcp pass=True reason=pass latency=8.04s
2026-04-22 15:42:34,305 INFO task=398 mode=without_mcp pass=False reason=runtime_error latency=8.03s
2026-04-22 15:42:35,563 INFO task=829 mode=without_mcp pass=False reason=assertion_error latency=7.68s
2026-04-22 15:42:39,162 INFO task=869 mode=without_mcp pass=False reason=assertion_error latency=9.20s
2026-04-22 15:42:43,078 INFO task=974 mode=without_mcp pass=True reason=pass latency=10.26s
2026-04-22 15:42:44,917 INFO task=100 mode=without_mcp pass=True reason=pass latency=10.63s
2026-04-22 15:42:46,649 INFO task=283 mode=without_mcp pass=False reason=assertion_error latency=11.08s
2026-04-22 15:42:47,938 INFO task=360 mode=without_mcp pass=False reason=assertion_error latency=8.77s
2026-04-22 15:42:49,388 INFO task=464 mode=without_mcp pass=True reason=pass latency=6.29s
2026-04-22 15:42:53,185 INFO task=584 mode=without_mcp pass=False reason=name_error latency=8.24s
2026-04-22 15:42:55,077 INFO task=510 mode=without_mcp pass=False reason=syntax_error latency=8.50s
2026-04-22 15:42:58,021 INFO task=642 mode=without_mcp pass=False reason=assertion_error latency=10.09s
2026-04-22 15:42:59,615 INFO task=772 mode=without_mcp pass=True reason=pass latency=10.23s
2026-04-22 15:43:00,759 INFO task=51 mode=without_mcp pass=True reason=pass latency=7.59s
2026-04-22 15:43:02,164 INFO task=158 mode=without_mcp pass=False reason=assertion_error latency=7.02s
2026-04-22 15:43:03,395 INFO task=203 mode=without_mcp pass=True reason=pass latency=5.37s
2026-04-22 15:43:05,932 INFO task=698 mode=without_mcp pass=True reason=pass latency=6.33s
2026-04-22 15:43:07,703 INFO task=394 mode=without_mcp pass=False reason=assertion_error latency=6.96s
2026-04-22 15:43:09,823 INFO task=830 mode=without_mcp pass=False reason=assertion_error latency=7.66s
2026-04-22 15:43:10,673 INFO task=887 mode=without_mcp pass=True reason=pass latency=7.27s
2026-04-22 15:43:11,990 INFO task=944 mode=without_mcp pass=False reason=assertion_error latency=6.06s
2026-04-22 15:43:13,927 INFO task=105 mode=without_mcp pass=True reason=pass latency=6.21s
2026-04-22 15:43:15,496 INFO task=307 mode=without_mcp pass=False reason=runtime_error latency=5.67s
2026-04-22 15:43:16,986 INFO task=354 mode=without_mcp pass=False reason=assertion_error latency=6.31s
2026-04-22 15:43:16,986 INFO mode=without_mcp progress 200/974
2026-04-22 15:43:18,462 INFO task=465 mode=without_mcp pass=True reason=pass latency=6.46s
2026-04-22 15:43:20,403 INFO task=578 mode=without_mcp pass=True reason=pass latency=6.47s
2026-04-22 15:43:22,433 INFO task=513 mode=without_mcp pass=False reason=runtime_error latency=6.93s
2026-04-22 15:43:23,977 INFO task=649 mode=without_mcp pass=True reason=pass latency=7.00s
2026-04-22 15:43:32,701 INFO task=747 mode=without_mcp pass=True reason=pass latency=14.24s
2026-04-22 15:43:36,258 INFO task=54 mode=without_mcp pass=True reason=pass latency=15.86s
2026-04-22 15:43:37,612 INFO task=154 mode=without_mcp pass=True reason=pass latency=15.19s
2026-04-22 15:43:39,900 INFO task=210 mode=without_mcp pass=True reason=pass latency=15.92s
2026-04-22 15:43:41,818 INFO task=702 mode=without_mcp pass=False reason=runtime_error latency=9.13s
2026-04-22 15:43:43,103 INFO task=400 mode=without_mcp pass=True reason=pass latency=6.86s
2026-04-22 15:43:45,152 INFO task=849 mode=without_mcp pass=False reason=assertion_error latency=7.54s
2026-04-22 15:43:46,436 INFO task=870 mode=without_mcp pass=True reason=pass latency=6.53s
2026-04-22 15:43:48,532 INFO task=941 mode=without_mcp pass=True reason=pass latency=6.72s
2026-04-22 15:43:50,283 INFO task=106 mode=without_mcp pass=False reason=runtime_error latency=7.17s
2026-04-22 15:43:50,945 INFO task=269 mode=without_mcp pass=True reason=pass latency=5.80s
2026-04-22 15:43:52,143 INFO task=348 mode=without_mcp pass=False reason=assertion_error latency=5.72s
2026-04-22 15:43:55,852 INFO task=443 mode=without_mcp pass=False reason=assertion_error latency=7.33s
2026-04-22 15:43:57,004 INFO task=587 mode=without_mcp pass=True reason=pass latency=6.71s
2026-04-22 15:43:58,233 INFO task=515 mode=without_mcp pass=False reason=assertion_error latency=7.27s
2026-04-22 15:43:59,522 INFO task=640 mode=without_mcp pass=False reason=assertion_error latency=7.35s
2026-04-22 15:44:02,477 INFO task=776 mode=without_mcp pass=False reason=assertion_error latency=6.62s
2026-04-22 15:44:04,400 INFO task=57 mode=without_mcp pass=True reason=pass latency=7.40s
2026-04-22 15:44:08,262 INFO task=153 mode=without_mcp pass=True reason=pass latency=10.03s
2026-04-22 15:44:09,988 INFO task=205 mode=without_mcp pass=False reason=assertion_error latency=10.48s
2026-04-22 15:44:11,163 INFO task=703 mode=without_mcp pass=True reason=pass latency=8.69s
2026-04-22 15:44:11,163 INFO mode=without_mcp progress 225/974
2026-04-22 15:44:13,708 INFO task=391 mode=without_mcp pass=False reason=assertion_error latency=9.31s
2026-04-22 15:44:14,884 INFO task=814 mode=without_mcp pass=True reason=pass latency=6.64s
2026-04-22 15:44:16,584 INFO task=866 mode=without_mcp pass=True reason=pass latency=6.61s
2026-04-22 15:44:18,519 INFO task=949 mode=without_mcp pass=False reason=runtime_error latency=7.35s
2026-04-22 15:44:20,736 INFO task=85 mode=without_mcp pass=True reason=pass latency=7.00s
2026-04-22 15:44:22,611 INFO task=270 mode=without_mcp pass=True reason=pass latency=7.71s
2026-04-22 15:44:23,939 INFO task=341 mode=without_mcp pass=True reason=pass latency=7.32s
2026-04-22 15:44:26,041 INFO task=461 mode=without_mcp pass=False reason=assertion_error latency=7.51s
2026-04-22 15:44:27,043 INFO task=588 mode=without_mcp pass=True reason=pass latency=6.30s
2026-04-22 15:44:30,488 INFO task=520 mode=without_mcp pass=False reason=assertion_error latency=7.88s
2026-04-22 15:44:33,221 INFO task=650 mode=without_mcp pass=False reason=assertion_error latency=9.31s
2026-04-22 15:44:38,372 INFO task=773 mode=without_mcp pass=False reason=assertion_error latency=12.32s
2026-04-22 15:44:40,323 INFO task=53 mode=without_mcp pass=False reason=assertion_error latency=13.32s
2026-04-22 15:44:41,507 INFO task=156 mode=without_mcp pass=False reason=runtime_error latency=11.02s
2026-04-22 15:44:48,978 INFO task=207 mode=without_mcp pass=False reason=assertion_error latency=15.76s
2026-04-22 15:44:50,751 INFO task=705 mode=without_mcp pass=True reason=pass latency=12.39s
2026-04-22 15:44:53,376 INFO task=408 mode=without_mcp pass=False reason=assertion_error latency=13.04s
2026-04-22 15:44:55,110 INFO task=831 mode=without_mcp pass=True reason=pass latency=13.60s
2026-04-22 15:44:57,130 INFO task=871 mode=without_mcp pass=True reason=pass latency=8.15s
2026-04-22 15:45:01,368 INFO task=940 mode=without_mcp pass=False reason=name_error latency=10.61s
2026-04-22 15:45:03,415 INFO task=92 mode=without_mcp pass=False reason=assertion_error latency=10.06s
2026-04-22 15:45:05,027 INFO task=262 mode=without_mcp pass=True reason=pass latency=9.94s
2026-04-22 15:45:07,533 INFO task=345 mode=without_mcp pass=True reason=pass latency=10.41s
2026-04-22 15:45:09,320 INFO task=442 mode=without_mcp pass=False reason=assertion_error latency=7.95s
2026-04-22 15:45:10,385 INFO task=565 mode=without_mcp pass=True reason=pass latency=6.95s
2026-04-22 15:45:10,385 INFO mode=without_mcp progress 250/974
2026-04-22 15:45:11,707 INFO task=521 mode=without_mcp pass=False reason=assertion_error latency=6.67s
2026-04-22 15:45:14,066 INFO task=643 mode=without_mcp pass=False reason=assertion_error latency=6.53s
2026-04-22 15:45:16,583 INFO task=774 mode=without_mcp pass=False reason=assertion_error latency=7.26s
2026-04-22 15:45:17,950 INFO task=58 mode=without_mcp pass=True reason=pass latency=7.55s
2026-04-22 15:45:25,392 INFO task=152 mode=without_mcp pass=True reason=pass latency=13.66s
2026-04-22 15:45:27,313 INFO task=206 mode=without_mcp pass=False reason=assertion_error latency=13.14s
2026-04-22 15:45:28,502 INFO task=708 mode=without_mcp pass=True reason=pass latency=11.93s
2026-04-22 15:45:30,393 INFO task=413 mode=without_mcp pass=True reason=pass latency=12.45s
2026-04-22 15:45:34,323 INFO task=819 mode=without_mcp pass=False reason=assertion_error latency=8.95s
2026-04-22 15:45:35,391 INFO task=876 mode=without_mcp pass=False reason=name_error latency=8.18s
2026-04-22 15:45:38,642 INFO task=950 mode=without_mcp pass=False reason=assertion_error latency=10.08s
2026-04-22 15:45:40,408 INFO task=107 mode=without_mcp pass=False reason=runtime_error latency=10.04s
2026-04-22 15:45:41,748 INFO task=282 mode=without_mcp pass=False reason=assertion_error latency=7.41s
2026-04-22 15:45:43,829 INFO task=349 mode=without_mcp pass=False reason=assertion_error latency=8.44s
2026-04-22 15:45:44,853 INFO task=466 mode=without_mcp pass=False reason=assertion_error latency=6.26s
2026-04-22 15:45:51,949 INFO task=597 mode=without_mcp pass=True reason=pass latency=11.51s
2026-04-22 15:45:52,867 INFO task=502 mode=without_mcp pass=True reason=pass latency=11.13s
2026-04-22 15:45:55,044 INFO task=633 mode=without_mcp pass=False reason=assertion_error latency=11.20s
2026-04-22 15:45:56,965 INFO task=761 mode=without_mcp pass=False reason=assertion_error latency=12.12s
2026-04-22 15:45:58,078 INFO task=39 mode=without_mcp pass=False reason=assertion_error latency=6.12s
2026-04-22 15:46:00,114 INFO task=160 mode=without_mcp pass=False reason=assertion_error latency=7.26s
2026-04-22 15:46:01,249 INFO task=215 mode=without_mcp pass=False reason=runtime_error latency=6.22s
2026-04-22 15:46:03,039 INFO task=695 mode=without_mcp pass=False reason=assertion_error latency=6.04s
2026-04-22 15:46:04,883 INFO task=399 mode=without_mcp pass=True reason=pass latency=6.78s
2026-04-22 15:46:05,746 INFO task=833 mode=without_mcp pass=True reason=pass latency=5.58s
2026-04-22 15:46:05,746 INFO mode=without_mcp progress 275/974
2026-04-22 15:46:08,718 INFO task=884 mode=without_mcp pass=False reason=assertion_error latency=7.42s
2026-04-22 15:46:11,088 INFO task=951 mode=without_mcp pass=True reason=pass latency=8.05s
2026-04-22 15:46:12,897 INFO task=108 mode=without_mcp pass=False reason=assertion_error latency=7.99s
2026-04-22 15:46:14,379 INFO task=285 mode=without_mcp pass=False reason=assertion_error latency=8.63s
2026-04-22 15:46:16,246 INFO task=351 mode=without_mcp pass=False reason=assertion_error latency=7.50s
2026-04-22 15:46:17,103 INFO task=457 mode=without_mcp pass=True reason=pass latency=6.02s
2026-04-22 15:46:20,936 INFO task=563 mode=without_mcp pass=False reason=assertion_error latency=7.70s
2026-04-22 15:46:23,174 INFO task=505 mode=without_mcp pass=False reason=assertion_error latency=8.82s
2026-04-22 15:46:25,257 INFO task=651 mode=without_mcp pass=False reason=assertion_error latency=9.08s
2026-04-22 15:46:26,872 INFO task=758 mode=without_mcp pass=True reason=pass latency=9.78s
2026-04-22 15:46:29,166 INFO task=40 mode=without_mcp pass=True reason=pass latency=8.64s
2026-04-22 15:46:30,527 INFO task=163 mode=without_mcp pass=False reason=name_error latency=7.39s
2026-04-22 15:46:33,608 INFO task=216 mode=without_mcp pass=False reason=runtime_error latency=8.34s
2026-04-22 15:46:35,200 INFO task=688 mode=without_mcp pass=True reason=pass latency=8.34s
2026-04-22 15:46:36,778 INFO task=406 mode=without_mcp pass=True reason=pass latency=7.61s
2026-04-22 15:46:38,013 INFO task=857 mode=without_mcp pass=False reason=assertion_error latency=7.48s
2026-04-22 15:46:39,173 INFO task=886 mode=without_mcp pass=True reason=pass latency=5.57s
2026-04-22 15:46:40,587 INFO task=954 mode=without_mcp pass=True reason=pass latency=5.38s
2026-04-22 15:46:42,003 INFO task=98 mode=without_mcp pass=False reason=name_error latency=5.22s
2026-04-22 15:46:43,900 INFO task=265 mode=without_mcp pass=True reason=pass latency=5.87s
2026-04-22 15:46:46,613 INFO task=359 mode=without_mcp pass=False reason=assertion_error latency=7.45s
2026-04-22 15:46:50,569 INFO task=468 mode=without_mcp pass=True reason=pass latency=9.93s
2026-04-22 15:46:55,498 INFO task=571 mode=without_mcp pass=False reason=assertion_error latency=13.48s
2026-04-22 15:47:08,683 INFO task=522 mode=without_mcp pass=False reason=name_error latency=24.78s
2026-04-22 15:47:10,584 INFO task=653 mode=without_mcp pass=False reason=assertion_error latency=23.96s
2026-04-22 15:47:10,585 INFO mode=without_mcp progress 300/974
2026-04-22 15:47:12,273 INFO task=769 mode=without_mcp pass=False reason=assertion_error latency=21.75s
2026-04-22 15:47:13,219 INFO task=33 mode=without_mcp pass=False reason=name_error latency=17.74s
2026-04-22 15:47:15,758 INFO task=164 mode=without_mcp pass=False reason=assertion_error latency=7.08s
2026-04-22 15:47:17,647 INFO task=217 mode=without_mcp pass=False reason=assertion_error latency=7.08s
2026-04-22 15:47:19,397 INFO task=704 mode=without_mcp pass=False reason=assertion_error latency=7.13s
2026-04-22 15:47:23,564 INFO task=386 mode=without_mcp pass=False reason=assertion_error latency=10.33s
2026-04-22 15:47:25,713 INFO task=842 mode=without_mcp pass=True reason=pass latency=9.96s
2026-04-22 15:47:28,566 INFO task=890 mode=without_mcp pass=False reason=runtime_error latency=10.92s
2026-04-22 15:47:30,590 INFO task=934 mode=without_mcp pass=False reason=assertion_error latency=11.16s
2026-04-22 15:47:32,138 INFO task=101 mode=without_mcp pass=False reason=assertion_error latency=8.57s
2026-04-22 15:47:37,313 INFO task=260 mode=without_mcp pass=False reason=assertion_error latency=11.60s
2026-04-22 15:47:38,813 INFO task=358 mode=without_mcp pass=True reason=pass latency=10.24s
2026-04-22 15:47:42,606 INFO task=449 mode=without_mcp pass=False reason=assertion_error latency=12.05s
2026-04-22 15:47:44,256 INFO task=570 mode=without_mcp pass=False reason=assertion_error latency=12.13s
2026-04-22 15:47:47,093 INFO task=523 mode=without_mcp pass=False reason=assertion_error latency=9.78s
2026-04-22 15:47:48,561 INFO task=654 mode=without_mcp pass=True reason=pass latency=9.75s
2026-04-22 15:47:50,843 INFO task=754 mode=without_mcp pass=False reason=assertion_error latency=8.25s
2026-04-22 15:47:51,836 INFO task=52 mode=without_mcp pass=True reason=pass latency=7.58s
2026-04-22 15:47:53,375 INFO task=150 mode=without_mcp pass=False reason=assertion_error latency=6.27s
2026-04-22 15:48:01,607 INFO task=209 mode=without_mcp pass=False reason=assertion_error latency=13.04s
2026-04-22 15:48:03,759 INFO task=707 mode=without_mcp pass=True reason=pass latency=12.91s
2026-04-22 15:48:05,721 INFO task=416 mode=without_mcp pass=False reason=assertion_error latency=13.89s
2026-04-22 15:48:07,540 INFO task=844 mode=without_mcp pass=False reason=assertion_error latency=14.17s
2026-04-22 15:48:09,018 INFO task=894 mode=without_mcp pass=True reason=pass latency=7.41s
2026-04-22 15:48:11,049 INFO task=943 mode=without_mcp pass=True reason=pass latency=7.25s
2026-04-22 15:48:11,049 INFO mode=without_mcp progress 325/974
2026-04-22 15:48:13,571 INFO task=110 mode=without_mcp pass=False reason=assertion_error latency=7.85s
2026-04-22 15:48:15,204 INFO task=264 mode=without_mcp pass=False reason=assertion_error latency=7.67s
2026-04-22 15:48:16,343 INFO task=350 mode=without_mcp pass=False reason=assertion_error latency=7.33s
2026-04-22 15:48:17,720 INFO task=446 mode=without_mcp pass=True reason=pass latency=6.70s
2026-04-22 15:48:19,390 INFO task=589 mode=without_mcp pass=False reason=name_error latency=5.80s
2026-04-22 15:48:23,683 INFO task=525 mode=without_mcp pass=True reason=pass latency=8.47s
2026-04-22 15:48:25,660 INFO task=655 mode=without_mcp pass=True reason=pass latency=9.32s
2026-04-22 15:48:27,485 INFO task=760 mode=without_mcp pass=True reason=pass latency=9.77s
2026-04-22 15:48:28,680 INFO task=55 mode=without_mcp pass=True reason=pass latency=9.29s
2026-04-22 15:48:32,332 INFO task=179 mode=without_mcp pass=False reason=assertion_error latency=8.66s
2026-04-22 15:48:34,535 INFO task=223 mode=without_mcp pass=True reason=pass latency=8.88s
2026-04-22 15:48:35,899 INFO task=710 mode=without_mcp pass=True reason=pass latency=8.42s
2026-04-22 15:48:37,159 INFO task=415 mode=without_mcp pass=False reason=assertion_error latency=8.47s
2026-04-22 15:48:38,685 INFO task=823 mode=without_mcp pass=False reason=assertion_error latency=6.33s
2026-04-22 15:48:41,068 INFO task=889 mode=without_mcp pass=False reason=runtime_error latency=6.45s
2026-04-22 15:48:42,321 INFO task=958 mode=without_mcp pass=False reason=assertion_error latency=6.43s
2026-04-22 15:48:45,037 INFO task=111 mode=without_mcp pass=True reason=pass latency=7.91s
2026-04-22 15:48:47,500 INFO task=275 mode=without_mcp pass=False reason=assertion_error latency=8.84s
2026-04-22 15:48:48,653 INFO task=361 mode=without_mcp pass=True reason=pass latency=7.64s
2026-04-22 15:48:50,518 INFO task=453 mode=without_mcp pass=True reason=pass latency=8.19s
2026-04-22 15:48:52,692 INFO task=585 mode=without_mcp pass=True reason=pass latency=7.64s
2026-04-22 15:48:53,758 INFO task=514 mode=without_mcp pass=True reason=pass latency=6.25s
2026-04-22 15:48:55,494 INFO task=656 mode=without_mcp pass=True reason=pass latency=6.85s
2026-04-22 15:49:00,324 INFO task=765 mode=without_mcp pass=False reason=assertion_error latency=9.80s
2026-04-22 15:49:03,160 INFO task=28 mode=without_mcp pass=False reason=name_error latency=10.48s
2026-04-22 15:49:03,160 INFO mode=without_mcp progress 350/974
2026-04-22 15:49:04,556 INFO task=171 mode=without_mcp pass=True reason=pass latency=10.80s
2026-04-22 15:49:05,534 INFO task=218 mode=without_mcp pass=False reason=assertion_error latency=10.05s
2026-04-22 15:49:09,219 INFO task=711 mode=without_mcp pass=True reason=pass latency=8.89s
2026-04-22 15:49:11,366 INFO task=419 mode=without_mcp pass=True reason=pass latency=8.21s
2026-04-22 15:49:12,623 INFO task=805 mode=without_mcp pass=True reason=pass latency=8.07s
2026-04-22 15:49:14,730 INFO task=878 mode=without_mcp pass=False reason=assertion_error latency=9.12s
2026-04-22 15:49:15,962 INFO task=935 mode=without_mcp pass=True reason=pass latency=6.75s
2026-04-22 15:49:17,426 INFO task=90 mode=without_mcp pass=True reason=pass latency=6.04s
2026-04-22 15:49:19,608 INFO task=258 mode=without_mcp pass=True reason=pass latency=6.99s
2026-04-22 15:49:21,841 INFO task=353 mode=without_mcp pass=False reason=assertion_error latency=7.18s
2026-04-22 15:49:25,015 INFO task=462 mode=without_mcp pass=False reason=assertion_error latency=9.05s
2026-04-22 15:49:27,626 INFO task=591 mode=without_mcp pass=True reason=pass latency=10.21s
2026-04-22 15:49:28,957 INFO task=526 mode=without_mcp pass=False reason=assertion_error latency=9.33s
2026-04-22 15:49:31,563 INFO task=746 mode=without_mcp pass=False reason=assertion_error latency=9.73s
2026-04-22 15:49:41,605 INFO task=31 mode=without_mcp pass=False reason=assertion_error latency=16.57s
2026-04-22 15:49:45,165 INFO task=178 mode=without_mcp pass=False reason=assertion_error latency=17.50s
2026-04-22 15:49:48,702 INFO task=225 mode=without_mcp pass=True reason=pass latency=19.76s
2026-04-22 15:49:50,639 INFO task=691 mode=without_mcp pass=False reason=assertion_error latency=19.08s
2026-04-22 15:49:54,372 INFO task=421 mode=without_mcp pass=False reason=assertion_error latency=12.78s
2026-04-22 15:49:56,070 INFO task=809 mode=without_mcp pass=False reason=assertion_error latency=10.95s
2026-04-22 15:49:58,669 INFO task=662 mode=without_mcp pass=True reason=pass latency=9.97s
2026-04-22 15:50:00,354 INFO task=882 mode=without_mcp pass=False reason=assertion_error latency=9.72s
2026-04-22 15:50:01,675 INFO task=929 mode=without_mcp pass=True reason=pass latency=7.32s
2026-04-22 15:50:03,307 INFO task=95 mode=without_mcp pass=True reason=pass latency=7.23s
2026-04-22 15:50:06,290 INFO task=259 mode=without_mcp pass=False reason=assertion_error latency=7.62s
2026-04-22 15:50:06,290 INFO mode=without_mcp progress 375/974
2026-04-22 15:50:07,731 INFO task=355 mode=without_mcp pass=False reason=assertion_error latency=7.38s
2026-04-22 15:50:09,785 INFO task=448 mode=without_mcp pass=False reason=assertion_error latency=8.12s
2026-04-22 15:50:11,035 INFO task=577 mode=without_mcp pass=False reason=assertion_error latency=7.73s
2026-04-22 15:50:18,443 INFO task=527 mode=without_mcp pass=False reason=assertion_error latency=12.15s
2026-04-22 15:50:19,603 INFO task=750 mode=without_mcp pass=False reason=assertion_error latency=11.88s
2026-04-22 15:50:20,667 INFO task=35 mode=without_mcp pass=True reason=pass latency=10.89s
2026-04-22 15:50:21,728 INFO task=155 mode=without_mcp pass=False reason=assertion_error latency=10.70s
2026-04-22 15:50:22,809 INFO task=226 mode=without_mcp pass=True reason=pass latency=4.37s
2026-04-22 15:50:23,978 INFO task=713 mode=without_mcp pass=False reason=assertion_error latency=4.36s
2026-04-22 15:50:25,161 INFO task=617 mode=without_mcp pass=False reason=assertion_error latency=4.50s
2026-04-22 15:50:29,291 INFO task=895 mode=without_mcp pass=False reason=assertion_error latency=7.54s
2026-04-22 15:50:30,778 INFO task=663 mode=without_mcp pass=False reason=assertion_error latency=7.96s
2026-04-22 15:50:32,148 INFO task=816 mode=without_mcp pass=True reason=pass latency=8.17s
2026-04-22 15:50:33,847 INFO task=936 mode=without_mcp pass=False reason=runtime_error latency=8.68s
2026-04-22 15:50:35,535 INFO task=109 mode=without_mcp pass=False reason=assertion_error latency=6.25s
2026-04-22 15:50:37,249 INFO task=276 mode=without_mcp pass=False reason=assertion_error latency=6.49s
2026-04-22 15:50:38,690 INFO task=426 mode=without_mcp pass=True reason=pass latency=6.56s
2026-04-22 15:50:40,479 INFO task=363 mode=without_mcp pass=False reason=runtime_error latency=6.63s
2026-04-22 15:50:42,291 INFO task=470 mode=without_mcp pass=True reason=pass latency=6.77s
2026-04-22 15:50:43,872 INFO task=574 mode=without_mcp pass=False reason=assertion_error latency=6.62s
2026-04-22 15:50:45,382 INFO task=528 mode=without_mcp pass=True reason=pass latency=6.69s
2026-04-22 15:50:46,649 INFO task=749 mode=without_mcp pass=False reason=assertion_error latency=6.17s
2026-04-22 15:50:48,039 INFO task=36 mode=without_mcp pass=False reason=runtime_error latency=5.75s
2026-04-22 15:50:49,181 INFO task=162 mode=without_mcp pass=True reason=pass latency=5.31s
2026-04-22 15:50:50,970 INFO task=208 mode=without_mcp pass=True reason=pass latency=5.56s
2026-04-22 15:50:50,970 INFO mode=without_mcp progress 400/974
2026-04-22 15:50:52,123 INFO task=715 mode=without_mcp pass=True reason=pass latency=5.47s
2026-04-22 15:50:53,403 INFO task=618 mode=without_mcp pass=False reason=assertion_error latency=5.35s
2026-04-22 15:50:56,169 INFO task=828 mode=without_mcp pass=True reason=pass latency=6.98s
2026-04-22 15:50:58,592 INFO task=664 mode=without_mcp pass=True reason=pass latency=7.66s
2026-04-22 15:51:00,689 INFO task=896 mode=without_mcp pass=True reason=pass latency=8.58s
2026-04-22 15:51:01,673 INFO task=942 mode=without_mcp pass=False reason=assertion_error latency=8.27s
2026-04-22 15:51:02,731 INFO task=112 mode=without_mcp pass=True reason=pass latency=6.57s
2026-04-22 15:51:04,348 INFO task=286 mode=without_mcp pass=False reason=name_error latency=5.76s
2026-04-22 15:51:05,948 INFO task=434 mode=without_mcp pass=False reason=assertion_error latency=5.26s
2026-04-22 15:51:06,866 INFO task=365 mode=without_mcp pass=True reason=pass latency=5.18s
2026-04-22 15:51:08,609 INFO task=444 mode=without_mcp pass=False reason=assertion_error latency=5.87s
2026-04-22 15:51:10,344 INFO task=581 mode=without_mcp pass=False reason=assertion_error latency=5.98s
2026-04-22 15:51:11,988 INFO task=504 mode=without_mcp pass=False reason=assertion_error latency=6.01s
2026-04-22 15:51:13,437 INFO task=755 mode=without_mcp pass=False reason=assertion_error latency=6.59s
2026-04-22 15:51:15,312 INFO task=29 mode=without_mcp pass=True reason=pass latency=6.71s
2026-04-22 15:51:16,590 INFO task=148 mode=without_mcp pass=False reason=assertion_error latency=6.25s
2026-04-22 15:51:17,735 INFO task=227 mode=without_mcp pass=True reason=pass latency=5.75s
2026-04-22 15:51:18,748 INFO task=716 mode=without_mcp pass=True reason=pass latency=5.31s
2026-04-22 15:51:20,442 INFO task=629 mode=without_mcp pass=True reason=pass latency=5.14s
2026-04-22 15:51:21,521 INFO task=898 mode=without_mcp pass=False reason=assertion_error latency=4.94s
2026-04-22 15:51:22,657 INFO task=657 mode=without_mcp pass=False reason=name_error latency=4.94s
2026-04-22 15:51:24,028 INFO task=835 mode=without_mcp pass=True reason=pass latency=5.28s
2026-04-22 15:51:25,903 INFO task=952 mode=without_mcp pass=False reason=name_error latency=5.45s
2026-04-22 15:51:27,042 INFO task=115 mode=without_mcp pass=True reason=pass latency=5.50s
2026-04-22 15:51:29,078 INFO task=288 mode=without_mcp pass=False reason=assertion_error latency=6.42s
2026-04-22 15:51:29,078 INFO mode=without_mcp progress 425/974
2026-04-22 15:51:30,066 INFO task=435 mode=without_mcp pass=True reason=pass latency=6.03s
2026-04-22 15:51:31,567 INFO task=366 mode=without_mcp pass=True reason=pass latency=5.67s
2026-04-22 15:51:33,551 INFO task=451 mode=without_mcp pass=True reason=pass latency=6.52s
2026-04-22 15:51:35,281 INFO task=564 mode=without_mcp pass=True reason=pass latency=6.21s
2026-04-22 15:51:36,809 INFO task=508 mode=without_mcp pass=False reason=assertion_error latency=6.73s
2026-04-22 15:51:42,195 INFO task=751 mode=without_mcp pass=False reason=assertion_error latency=10.63s
2026-04-22 15:51:44,753 INFO task=30 mode=without_mcp pass=True reason=pass latency=11.20s
2026-04-22 15:51:46,578 INFO task=165 mode=without_mcp pass=True reason=pass latency=11.28s
2026-04-22 15:51:49,874 INFO task=229 mode=without_mcp pass=False reason=assertion_error latency=13.09s
2026-04-22 15:51:51,269 INFO task=720 mode=without_mcp pass=True reason=pass latency=9.07s
2026-04-22 15:51:52,670 INFO task=612 mode=without_mcp pass=False reason=assertion_error latency=7.90s
2026-04-22 15:51:54,015 INFO task=822 mode=without_mcp pass=False reason=assertion_error latency=7.44s
2026-04-22 15:51:56,031 INFO task=669 mode=without_mcp pass=False reason=assertion_error latency=6.14s
2026-04-22 15:51:57,720 INFO task=899 mode=without_mcp pass=False reason=assertion_error latency=6.43s
2026-04-22 15:51:59,109 INFO task=956 mode=without_mcp pass=True reason=pass latency=6.45s
2026-04-22 15:52:00,243 INFO task=116 mode=without_mcp pass=True reason=pass latency=6.23s
2026-04-22 15:52:05,658 INFO task=291 mode=without_mcp pass=True reason=pass latency=9.64s
2026-04-22 15:52:07,361 INFO task=436 mode=without_mcp pass=False reason=assertion_error latency=9.63s
2026-04-22 15:52:08,561 INFO task=357 mode=without_mcp pass=True reason=pass latency=9.43s
2026-04-22 15:52:09,660 INFO task=452 mode=without_mcp pass=False reason=assertion_error latency=9.42s
2026-04-22 15:52:11,066 INFO task=562 mode=without_mcp pass=True reason=pass latency=5.42s
2026-04-22 15:52:14,963 INFO task=524 mode=without_mcp pass=True reason=pass latency=7.63s
2026-04-22 15:52:16,349 INFO task=763 mode=without_mcp pass=False reason=runtime_error latency=7.80s
2026-04-22 15:52:17,421 INFO task=45 mode=without_mcp pass=False reason=name_error latency=7.76s
2026-04-22 15:52:20,382 INFO task=166 mode=without_mcp pass=True reason=pass latency=9.28s
2026-04-22 15:52:20,382 INFO mode=without_mcp progress 450/974
2026-04-22 15:52:21,766 INFO task=222 mode=without_mcp pass=True reason=pass latency=6.78s
2026-04-22 15:52:23,314 INFO task=729 mode=without_mcp pass=True reason=pass latency=6.98s
2026-04-22 15:52:25,047 INFO task=422 mode=without_mcp pass=True reason=pass latency=7.62s
2026-04-22 15:52:26,533 INFO task=838 mode=without_mcp pass=False reason=assertion_error latency=6.18s
2026-04-22 15:52:28,017 INFO task=674 mode=without_mcp pass=True reason=pass latency=6.27s
2026-04-22 15:52:29,238 INFO task=901 mode=without_mcp pass=False reason=assertion_error latency=5.90s
2026-04-22 15:52:30,340 INFO task=959 mode=without_mcp pass=True reason=pass latency=5.28s
2026-04-22 15:52:31,750 INFO task=113 mode=without_mcp pass=True reason=pass latency=5.20s
2026-04-22 15:52:32,673 INFO task=292 mode=without_mcp pass=True reason=pass latency=4.66s
2026-04-22 15:52:34,772 INFO task=364 mode=without_mcp pass=False reason=assertion_error latency=5.54s
2026-04-22 15:52:35,669 INFO task=458 mode=without_mcp pass=True reason=pass latency=5.35s
2026-04-22 15:52:38,755 INFO task=576 mode=without_mcp pass=True reason=pass latency=7.02s
2026-04-22 15:52:40,862 INFO task=541 mode=without_mcp pass=True reason=pass latency=8.18s
2026-04-22 15:52:42,236 INFO task=770 mode=without_mcp pass=True reason=pass latency=7.48s
2026-04-22 15:52:43,318 INFO task=48 mode=without_mcp pass=False reason=assertion_error latency=7.64s
2026-04-22 15:52:44,322 INFO task=168 mode=without_mcp pass=True reason=pass latency=5.55s
2026-04-22 15:52:45,415 INFO task=230 mode=without_mcp pass=True reason=pass latency=4.53s
2026-04-22 15:52:46,794 INFO task=724 mode=without_mcp pass=True reason=pass latency=4.56s
2026-04-22 15:52:48,634 INFO task=605 mode=without_mcp pass=True reason=pass latency=5.32s
2026-04-22 15:52:51,230 INFO task=902 mode=without_mcp pass=True reason=pass latency=6.92s
2026-04-22 15:52:52,761 INFO task=679 mode=without_mcp pass=False reason=assertion_error latency=7.36s
2026-04-22 15:52:59,082 INFO task=826 mode=without_mcp pass=False reason=assertion_error latency=12.28s
2026-04-22 15:53:00,279 INFO task=960 mode=without_mcp pass=False reason=assertion_error latency=11.65s
2026-04-22 15:53:01,658 INFO task=128 mode=without_mcp pass=False reason=assertion_error latency=10.43s
2026-04-22 15:53:02,935 INFO task=293 mode=without_mcp pass=True reason=pass latency=10.17s
2026-04-22 15:53:02,935 INFO mode=without_mcp progress 475/974
2026-04-22 15:53:04,601 INFO task=431 mode=without_mcp pass=False reason=assertion_error latency=5.52s
2026-04-22 15:53:05,918 INFO task=352 mode=without_mcp pass=False reason=name_error latency=5.63s
2026-04-22 15:53:08,085 INFO task=471 mode=without_mcp pass=False reason=assertion_error latency=6.41s
2026-04-22 15:53:09,263 INFO task=572 mode=without_mcp pass=False reason=assertion_error latency=6.32s
2026-04-22 15:53:11,339 INFO task=549 mode=without_mcp pass=True reason=pass latency=6.71s
2026-04-22 15:53:13,443 INFO task=775 mode=without_mcp pass=False reason=assertion_error latency=7.49s
2026-04-22 15:53:14,687 INFO task=56 mode=without_mcp pass=True reason=pass latency=6.58s
2026-04-22 15:53:16,129 INFO task=173 mode=without_mcp pass=True reason=pass latency=6.87s
2026-04-22 15:53:17,293 INFO task=232 mode=without_mcp pass=False reason=assertion_error latency=5.97s
2026-04-22 15:53:18,547 INFO task=731 mode=without_mcp pass=False reason=assertion_error latency=5.15s
2026-04-22 15:53:20,003 INFO task=623 mode=without_mcp pass=True reason=pass latency=5.35s
2026-04-22 15:53:21,710 INFO task=817 mode=without_mcp pass=True reason=pass latency=5.59s
2026-04-22 15:53:23,850 INFO task=659 mode=without_mcp pass=False reason=assertion_error latency=6.55s
2026-04-22 15:53:24,933 INFO task=903 mode=without_mcp pass=False reason=assertion_error latency=6.38s
2026-04-22 15:53:29,790 INFO task=961 mode=without_mcp pass=False reason=assertion_error latency=9.77s
2026-04-22 15:53:30,949 INFO task=135 mode=without_mcp pass=True reason=pass latency=9.25s
2026-04-22 15:53:33,466 INFO task=296 mode=without_mcp pass=True reason=pass latency=9.60s
2026-04-22 15:53:35,012 INFO task=429 mode=without_mcp pass=True reason=pass latency=10.06s
2026-04-22 15:53:40,700 INFO task=367 mode=without_mcp pass=False reason=name_error latency=10.89s
2026-04-22 15:53:41,763 INFO task=467 mode=without_mcp pass=False reason=assertion_error latency=10.77s
2026-04-22 15:53:43,344 INFO task=579 mode=without_mcp pass=True reason=pass latency=9.89s
2026-04-22 15:53:45,019 INFO task=551 mode=without_mcp pass=True reason=pass latency=10.02s
2026-04-22 15:53:46,196 INFO task=777 mode=without_mcp pass=True reason=pass latency=5.52s
2026-04-22 15:53:48,461 INFO task=61 mode=without_mcp pass=False reason=syntax_error latency=6.79s
2026-04-22 15:53:54,375 INFO task=175 mode=without_mcp pass=False reason=name_error latency=11.05s
2026-04-22 15:53:54,375 INFO mode=without_mcp progress 500/974
2026-04-22 15:53:57,306 INFO task=233 mode=without_mcp pass=False reason=name_error latency=12.28s
2026-04-22 15:53:59,293 INFO task=732 mode=without_mcp pass=True reason=pass latency=13.11s
2026-04-22 15:54:01,631 INFO task=606 mode=without_mcp pass=True reason=pass latency=13.11s
2026-04-22 15:54:05,449 INFO task=836 mode=without_mcp pass=False reason=assertion_error latency=11.09s
2026-04-22 15:54:09,285 INFO task=661 mode=without_mcp pass=False reason=assertion_error latency=11.96s
2026-04-22 15:54:14,301 INFO task=906 mode=without_mcp pass=False reason=assertion_error latency=15.00s
2026-04-22 15:54:16,372 INFO task=962 mode=without_mcp pass=True reason=pass latency=14.74s
2026-04-22 15:54:22,876 INFO task=142 mode=without_mcp pass=False reason=assertion_error latency=17.41s
2026-04-22 15:54:24,848 INFO task=297 mode=without_mcp pass=False reason=runtime_error latency=15.59s
2026-04-22 15:54:27,386 INFO task=433 mode=without_mcp pass=False reason=assertion_error latency=13.09s
2026-04-22 15:54:29,221 INFO task=369 mode=without_mcp pass=False reason=assertion_error latency=12.85s
2026-04-22 15:54:32,416 INFO task=472 mode=without_mcp pass=True reason=pass latency=9.53s
2026-04-22 15:54:33,553 INFO task=567 mode=without_mcp pass=True reason=pass latency=8.71s
2026-04-22 15:54:35,796 INFO task=552 mode=without_mcp pass=False reason=assertion_error latency=8.40s
2026-04-22 15:54:38,012 INFO task=779 mode=without_mcp pass=True reason=pass latency=8.78s
2026-04-22 15:54:42,226 INFO task=60 mode=without_mcp pass=False reason=assertion_error latency=9.82s
2026-04-22 15:54:44,420 INFO task=177 mode=without_mcp pass=False reason=name_error latency=10.86s
2026-04-22 15:54:48,517 INFO task=231 mode=without_mcp pass=True reason=pass latency=12.73s
2026-04-22 15:54:50,396 INFO task=734 mode=without_mcp pass=False reason=assertion_error latency=12.38s
2026-04-22 15:54:51,827 INFO task=610 mode=without_mcp pass=True reason=pass latency=9.59s
2026-04-22 15:54:53,365 INFO task=839 mode=without_mcp pass=True reason=pass latency=8.94s
2026-04-22 15:54:55,529 INFO task=670 mode=without_mcp pass=False reason=assertion_error latency=7.01s
2026-04-22 15:54:59,811 INFO task=907 mode=without_mcp pass=False reason=assertion_error latency=9.43s
2026-04-22 15:55:03,345 INFO task=963 mode=without_mcp pass=False reason=assertion_error latency=11.52s
2026-04-22 15:55:04,798 INFO task=127 mode=without_mcp pass=True reason=pass latency=11.43s
2026-04-22 15:55:04,798 INFO mode=without_mcp progress 525/974
2026-04-22 15:55:07,375 INFO task=298 mode=without_mcp pass=True reason=pass latency=11.85s
2026-04-22 15:55:09,420 INFO task=437 mode=without_mcp pass=False reason=assertion_error latency=9.59s
2026-04-22 15:55:12,849 INFO task=370 mode=without_mcp pass=False reason=assertion_error latency=9.51s
2026-04-22 15:55:15,698 INFO task=473 mode=without_mcp pass=False reason=assertion_error latency=10.91s
2026-04-22 15:55:17,398 INFO task=580 mode=without_mcp pass=False reason=assertion_error latency=10.02s
2026-04-22 15:55:20,086 INFO task=539 mode=without_mcp pass=True reason=pass latency=10.69s
2026-04-22 15:55:23,264 INFO task=780 mode=without_mcp pass=False reason=assertion_error latency=10.40s
2026-04-22 15:55:25,842 INFO task=64 mode=without_mcp pass=False reason=runtime_error latency=10.14s
2026-04-22 15:55:33,725 INFO task=180 mode=without_mcp pass=False reason=assertion_error latency=16.32s
2026-04-22 15:55:34,830 INFO task=234 mode=without_mcp pass=True reason=pass latency=14.74s
2026-04-22 15:55:36,392 INFO task=725 mode=without_mcp pass=True reason=pass latency=13.13s
2026-04-22 15:55:37,802 INFO task=611 mode=without_mcp pass=True reason=pass latency=11.94s
2026-04-22 15:55:40,810 INFO task=841 mode=without_mcp pass=True reason=pass latency=7.07s
2026-04-22 15:55:42,223 INFO task=672 mode=without_mcp pass=True reason=pass latency=7.39s
2026-04-22 15:55:43,311 INFO task=908 mode=without_mcp pass=False reason=runtime_error latency=6.91s
2026-04-22 15:55:44,341 INFO task=964 mode=without_mcp pass=True reason=pass latency=6.55s
2026-04-22 15:55:48,216 INFO task=123 mode=without_mcp pass=False reason=assertion_error latency=7.41s
2026-04-22 15:55:49,575 INFO task=299 mode=without_mcp pass=False reason=assertion_error latency=7.36s
2026-04-22 15:55:51,014 INFO task=420 mode=without_mcp pass=False reason=assertion_error latency=7.73s
2026-04-22 15:55:53,673 INFO task=371 mode=without_mcp pass=False reason=assertion_error latency=9.34s
2026-04-22 15:55:55,272 INFO task=474 mode=without_mcp pass=True reason=pass latency=7.07s
2026-04-22 15:55:56,657 INFO task=566 mode=without_mcp pass=True reason=pass latency=7.07s
2026-04-22 15:55:57,723 INFO task=546 mode=without_mcp pass=False reason=name_error latency=6.70s
2026-04-22 15:56:00,063 INFO task=782 mode=without_mcp pass=False reason=syntax_error latency=6.46s
2026-04-22 15:56:02,591 INFO task=70 mode=without_mcp pass=False reason=assertion_error latency=7.32s
2026-04-22 15:56:02,591 INFO mode=without_mcp progress 550/974
2026-04-22 15:56:06,249 INFO task=181 mode=without_mcp pass=True reason=pass latency=9.58s
2026-04-22 15:56:08,092 INFO task=236 mode=without_mcp pass=False reason=assertion_error latency=10.36s
2026-04-22 15:56:10,587 INFO task=730 mode=without_mcp pass=True reason=pass latency=10.44s
2026-04-22 15:56:12,536 INFO task=602 mode=without_mcp pass=False reason=assertion_error latency=9.93s
2026-04-22 15:56:18,471 INFO task=843 mode=without_mcp pass=False reason=assertion_error latency=12.23s
2026-04-22 15:56:19,535 INFO task=665 mode=without_mcp pass=True reason=pass latency=11.45s
2026-04-22 15:56:22,297 INFO task=911 mode=without_mcp pass=True reason=pass latency=11.71s
2026-04-22 15:56:23,836 INFO task=955 mode=without_mcp pass=True reason=pass latency=11.31s
2026-04-22 15:56:25,529 INFO task=124 mode=without_mcp pass=False reason=assertion_error latency=7.04s
2026-04-22 15:56:26,709 INFO task=300 mode=without_mcp pass=False reason=assertion_error latency=7.17s
2026-04-22 15:56:28,095 INFO task=438 mode=without_mcp pass=False reason=assertion_error latency=5.81s
2026-04-22 15:56:30,332 INFO task=372 mode=without_mcp pass=True reason=pass latency=6.50s
2026-04-22 15:56:31,593 INFO task=480 mode=without_mcp pass=False reason=assertion_error latency=6.07s
2026-04-22 15:56:33,301 INFO task=586 mode=without_mcp pass=False reason=assertion_error latency=6.60s
2026-04-22 15:56:34,962 INFO task=555 mode=without_mcp pass=False reason=assertion_error latency=6.87s
2026-04-22 15:56:35,936 INFO task=785 mode=without_mcp pass=True reason=pass latency=5.60s
2026-04-22 15:56:37,006 INFO task=74 mode=without_mcp pass=False reason=assertion_error latency=5.42s
2026-04-22 15:56:39,384 INFO task=183 mode=without_mcp pass=False reason=assertion_error latency=6.07s
2026-04-22 15:56:40,714 INFO task=239 mode=without_mcp pass=False reason=assertion_error latency=5.76s
2026-04-22 15:56:42,432 INFO task=736 mode=without_mcp pass=True reason=pass latency=6.49s
2026-04-22 15:56:44,858 INFO task=616 mode=without_mcp pass=True reason=pass latency=7.84s
2026-04-22 15:56:50,388 INFO task=846 mode=without_mcp pass=False reason=assertion_error latency=11.01s
2026-04-22 15:56:51,338 INFO task=673 mode=without_mcp pass=True reason=pass latency=10.61s
2026-04-22 15:56:52,833 INFO task=909 mode=without_mcp pass=True reason=pass latency=10.39s
2026-04-22 15:56:55,279 INFO task=965 mode=without_mcp pass=False reason=assertion_error latency=10.44s
2026-04-22 15:56:55,279 INFO mode=without_mcp progress 575/974
2026-04-22 15:56:56,820 INFO task=139 mode=without_mcp pass=False reason=assertion_error latency=6.43s
2026-04-22 15:56:58,362 INFO task=295 mode=without_mcp pass=False reason=assertion_error latency=7.02s
2026-04-22 15:56:59,465 INFO task=439 mode=without_mcp pass=True reason=pass latency=6.64s
2026-04-22 15:57:00,804 INFO task=362 mode=without_mcp pass=False reason=assertion_error latency=5.52s
2026-04-22 15:57:04,489 INFO task=481 mode=without_mcp pass=False reason=runtime_error latency=7.67s
2026-04-22 15:57:05,630 INFO task=592 mode=without_mcp pass=False reason=assertion_error latency=7.28s
2026-04-22 15:57:11,844 INFO task=540 mode=without_mcp pass=False reason=assertion_error latency=12.39s
2026-04-22 15:57:14,570 INFO task=787 mode=without_mcp pass=False reason=assertion_error latency=13.75s
2026-04-22 15:57:15,558 INFO task=62 mode=without_mcp pass=True reason=pass latency=11.07s
2026-04-22 15:57:17,449 INFO task=184 mode=without_mcp pass=True reason=pass latency=11.82s
2026-04-22 15:57:18,788 INFO task=241 mode=without_mcp pass=False reason=name_error latency=6.95s
2026-04-22 15:57:20,052 INFO task=723 mode=without_mcp pass=True reason=pass latency=5.48s
2026-04-22 15:57:21,552 INFO task=613 mode=without_mcp pass=False reason=assertion_error latency=6.00s
2026-04-22 15:57:22,735 INFO task=847 mode=without_mcp pass=True reason=pass latency=5.28s
2026-04-22 15:57:24,211 INFO task=667 mode=without_mcp pass=True reason=pass latency=5.43s
2026-04-22 15:57:28,148 INFO task=910 mode=without_mcp pass=False reason=assertion_error latency=8.12s
2026-04-22 15:57:29,762 INFO task=966 mode=without_mcp pass=True reason=pass latency=8.19s
2026-04-22 15:57:31,586 INFO task=140 mode=without_mcp pass=False reason=assertion_error latency=8.82s
2026-04-22 15:57:32,999 INFO task=302 mode=without_mcp pass=True reason=pass latency=8.78s
2026-04-22 15:57:37,187 INFO task=440 mode=without_mcp pass=False reason=assertion_error latency=9.04s
2026-04-22 15:57:38,550 INFO task=368 mode=without_mcp pass=True reason=pass latency=8.80s
2026-04-22 15:57:42,161 INFO task=485 mode=without_mcp pass=False reason=assertion_error latency=10.60s
2026-04-22 15:57:43,218 INFO task=593 mode=without_mcp pass=False reason=assertion_error latency=10.22s
2026-04-22 15:57:44,715 INFO task=544 mode=without_mcp pass=False reason=assertion_error latency=7.52s
2026-04-22 15:57:45,731 INFO task=788 mode=without_mcp pass=True reason=pass latency=7.17s
2026-04-22 15:57:45,731 INFO mode=without_mcp progress 600/974
2026-04-22 15:57:47,722 INFO task=67 mode=without_mcp pass=False reason=runtime_error latency=5.44s
2026-04-22 15:57:49,269 INFO task=185 mode=without_mcp pass=False reason=assertion_error latency=6.01s
2026-04-22 15:57:50,524 INFO task=243 mode=without_mcp pass=False reason=assertion_error latency=5.81s
2026-04-22 15:57:52,149 INFO task=726 mode=without_mcp pass=True reason=pass latency=6.43s
2026-04-22 15:57:53,424 INFO task=619 mode=without_mcp pass=False reason=assertion_error latency=5.83s
2026-04-22 15:57:54,617 INFO task=845 mode=without_mcp pass=False reason=name_error latency=5.36s
2026-04-22 15:57:56,169 INFO task=676 mode=without_mcp pass=True reason=pass latency=5.65s
2026-04-22 15:57:57,423 INFO task=912 mode=without_mcp pass=False reason=assertion_error latency=5.27s
2026-04-22 15:57:59,573 INFO task=967 mode=without_mcp pass=False reason=assertion_error latency=6.15s
2026-04-22 15:58:01,099 INFO task=144 mode=without_mcp pass=False reason=assertion_error latency=6.50s
2026-04-22 15:58:04,167 INFO task=303 mode=without_mcp pass=False reason=assertion_error latency=8.00s
2026-04-22 15:58:08,008 INFO task=441 mode=without_mcp pass=True reason=pass latency=10.56s
2026-04-22 16:01:49,703 INFO task=374 mode=without_mcp pass=False reason=assertion_error latency=230.12s
2026-04-22 16:02:02,101 INFO task=488 mode=without_mcp pass=False reason=name_error latency=241.00s
2026-04-22 16:02:17,722 INFO task=790 mode=without_mcp pass=False reason=assertion_error latency=28.03s
2026-04-22 16:02:21,378 INFO task=68 mode=without_mcp pass=True reason=pass latency=19.19s
2026-04-22 16:02:23,408 INFO task=594 mode=without_mcp pass=False reason=assertion_error latency=259.22s
2026-04-22 16:02:24,721 INFO task=534 mode=without_mcp pass=False reason=assertion_error latency=256.74s
2026-04-22 16:02:26,488 INFO task=186 mode=without_mcp pass=False reason=assertion_error latency=8.76s
2026-04-22 16:02:27,530 INFO task=251 mode=without_mcp pass=False reason=assertion_error latency=6.23s
2026-04-22 16:02:29,441 INFO task=728 mode=without_mcp pass=True reason=pass latency=6.05s
2026-04-22 16:02:33,032 INFO task=620 mode=without_mcp pass=False reason=assertion_error latency=8.31s
2026-04-22 16:02:52,123 INFO task=834 mode=without_mcp pass=True reason=pass latency=25.64s
2026-04-22 16:02:54,310 INFO task=677 mode=without_mcp pass=False reason=assertion_error latency=26.79s
2026-04-22 16:02:56,170 INFO task=914 mode=without_mcp pass=True reason=pass latency=26.73s
2026-04-22 16:02:56,170 INFO mode=without_mcp progress 625/974
2026-04-22 16:02:57,553 INFO task=968 mode=without_mcp pass=False reason=assertion_error latency=24.51s
2026-04-22 16:02:59,953 INFO task=133 mode=without_mcp pass=True reason=pass latency=7.83s
2026-04-22 16:03:02,091 INFO task=301 mode=without_mcp pass=False reason=runtime_error latency=7.77s
2026-04-22 16:03:09,859 INFO task=428 mode=without_mcp pass=False reason=assertion_error latency=13.67s
2026-04-22 16:03:11,883 INFO task=376 mode=without_mcp pass=False reason=assertion_error latency=14.33s
2026-04-22 16:03:12,962 INFO task=489 mode=without_mcp pass=True reason=pass latency=12.99s
2026-04-22 16:03:14,869 INFO task=596 mode=without_mcp pass=True reason=pass latency=12.77s
2026-04-22 16:03:17,254 INFO task=536 mode=without_mcp pass=False reason=assertion_error latency=7.40s
2026-04-22 16:03:18,756 INFO task=791 mode=without_mcp pass=True reason=pass latency=6.88s
2026-04-22 16:03:30,663 INFO task=71 mode=without_mcp pass=False reason=assertion_error latency=17.70s
2026-04-22 16:03:43,237 INFO task=187 mode=without_mcp pass=True reason=pass latency=28.38s
2026-04-22 16:03:44,437 INFO task=257 mode=without_mcp pass=True reason=pass latency=27.17s
2026-04-22 16:03:45,839 INFO task=735 mode=without_mcp pass=False reason=assertion_error latency=27.06s
2026-04-22 16:03:47,484 INFO task=628 mode=without_mcp pass=False reason=assertion_error latency=16.83s
2026-04-22 16:03:49,639 INFO task=905 mode=without_mcp pass=False reason=assertion_error latency=6.38s
2026-04-22 16:03:50,568 INFO task=678 mode=without_mcp pass=True reason=pass latency=6.15s
2026-04-22 16:03:52,551 INFO task=837 mode=without_mcp pass=True reason=pass latency=6.73s
2026-04-22 16:03:55,992 INFO task=969 mode=without_mcp pass=False reason=assertion_error latency=8.51s
2026-04-22 16:04:00,639 INFO task=138 mode=without_mcp pass=False reason=assertion_error latency=11.02s
2026-04-22 16:04:03,941 INFO task=305 mode=without_mcp pass=False reason=assertion_error latency=13.37s
2026-04-22 16:04:05,488 INFO task=425 mode=without_mcp pass=True reason=pass latency=12.93s
2026-04-22 16:04:07,824 INFO task=377 mode=without_mcp pass=True reason=pass latency=11.81s
2026-04-22 16:04:11,678 INFO task=483 mode=without_mcp pass=False reason=name_error latency=11.01s
2026-04-22 16:04:13,774 INFO task=599 mode=without_mcp pass=False reason=assertion_error latency=9.84s
2026-04-22 16:04:17,389 INFO task=545 mode=without_mcp pass=False reason=assertion_error latency=11.90s
2026-04-22 16:04:17,389 INFO mode=without_mcp progress 650/974
2026-04-22 16:04:20,662 INFO task=794 mode=without_mcp pass=False reason=assertion_error latency=12.85s
2026-04-22 16:04:24,527 INFO task=72 mode=without_mcp pass=False reason=assertion_error latency=12.83s
2026-04-22 16:04:26,529 INFO task=188 mode=without_mcp pass=False reason=assertion_error latency=12.67s
2026-04-22 16:04:28,388 INFO task=254 mode=without_mcp pass=False reason=assertion_error latency=10.97s
2026-04-22 16:04:30,144 INFO task=737 mode=without_mcp pass=False reason=assertion_error latency=9.48s
2026-04-22 16:04:32,216 INFO task=424 mode=without_mcp pass=True reason=pass latency=7.73s
2026-04-22 16:04:34,008 INFO task=848 mode=without_mcp pass=True reason=pass latency=7.56s
2026-04-22 16:04:35,566 INFO task=666 mode=without_mcp pass=True reason=pass latency=7.21s
2026-04-22 16:04:38,652 INFO task=915 mode=without_mcp pass=False reason=assertion_error latency=8.50s
2026-04-22 16:04:42,141 INFO task=971 mode=without_mcp pass=False reason=assertion_error latency=9.93s
2026-04-22 16:04:43,432 INFO task=122 mode=without_mcp pass=False reason=assertion_error latency=9.44s
2026-04-22 16:04:45,547 INFO task=304 mode=without_mcp pass=False reason=assertion_error latency=9.96s
2026-04-22 16:04:50,486 INFO task=378 mode=without_mcp pass=False reason=assertion_error latency=11.84s
2026-04-22 16:04:53,751 INFO task=486 mode=without_mcp pass=False reason=assertion_error latency=11.60s
2026-04-22 16:04:55,328 INFO task=2 mode=without_mcp pass=True reason=pass latency=11.88s
2026-04-22 16:04:58,968 INFO task=550 mode=without_mcp pass=False reason=assertion_error latency=13.43s
2026-04-22 16:05:00,987 INFO task=786 mode=without_mcp pass=True reason=pass latency=10.48s
2026-04-22 16:05:02,599 INFO task=73 mode=without_mcp pass=True reason=pass latency=8.85s
2026-04-22 16:05:04,622 INFO task=190 mode=without_mcp pass=False reason=assertion_error latency=9.29s
2026-04-22 16:05:06,187 INFO task=244 mode=without_mcp pass=True reason=pass latency=7.24s
2026-04-22 16:05:07,769 INFO task=738 mode=without_mcp pass=False reason=assertion_error latency=6.81s
2026-04-22 16:05:11,219 INFO task=622 mode=without_mcp pass=False reason=assertion_error latency=8.64s
2026-04-22 16:05:12,242 INFO task=904 mode=without_mcp pass=True reason=pass latency=7.62s
2026-04-22 16:05:14,223 INFO task=681 mode=without_mcp pass=True reason=pass latency=8.02s
2026-04-22 16:05:15,608 INFO task=850 mode=without_mcp pass=False reason=assertion_error latency=7.84s
2026-04-22 16:05:15,609 INFO mode=without_mcp progress 675/974
2026-04-22 16:05:16,854 INFO task=973 mode=without_mcp pass=True reason=pass latency=5.65s
2026-04-22 16:05:18,008 INFO task=132 mode=without_mcp pass=True reason=pass latency=5.77s
2026-04-22 16:05:19,337 INFO task=294 mode=without_mcp pass=False reason=runtime_error latency=5.12s
2026-04-22 16:05:22,084 INFO task=427 mode=without_mcp pass=True reason=pass latency=6.47s
2026-04-22 16:05:23,379 INFO task=380 mode=without_mcp pass=False reason=name_error latency=6.51s
2026-04-22 16:05:26,238 INFO task=490 mode=without_mcp pass=False reason=assertion_error latency=8.22s
2026-04-22 16:05:28,734 INFO task=3 mode=without_mcp pass=True reason=pass latency=9.40s
2026-04-22 16:05:31,059 INFO task=547 mode=without_mcp pass=False reason=assertion_error latency=8.98s
2026-04-22 16:05:35,806 INFO task=784 mode=without_mcp pass=False reason=assertion_error latency=12.44s
2026-04-22 16:05:37,105 INFO task=69 mode=without_mcp pass=False reason=assertion_error latency=10.86s
2026-04-22 16:05:38,474 INFO task=191 mode=without_mcp pass=True reason=pass latency=9.71s
2026-04-22 16:05:43,851 INFO task=245 mode=without_mcp pass=False reason=name_error latency=12.80s
2026-04-22 16:05:51,381 INFO task=733 mode=without_mcp pass=True reason=pass latency=15.57s
2026-04-22 16:05:53,489 INFO task=626 mode=without_mcp pass=False reason=assertion_error latency=16.40s
2026-04-22 16:05:56,039 INFO task=851 mode=without_mcp pass=False reason=assertion_error latency=17.58s
2026-04-22 16:05:58,679 INFO task=682 mode=without_mcp pass=True reason=pass latency=14.82s
2026-04-22 16:06:07,036 INFO task=916 mode=without_mcp pass=False reason=assertion_error latency=15.66s
2026-04-22 16:06:08,838 INFO task=12 mode=without_mcp pass=True reason=pass latency=15.33s
2026-04-22 16:06:10,888 INFO task=120 mode=without_mcp pass=True reason=pass latency=14.85s
2026-04-22 16:06:16,806 INFO task=306 mode=without_mcp pass=False reason=assertion_error latency=18.12s
2026-04-22 16:06:28,498 INFO task=423 mode=without_mcp pass=False reason=runtime_error latency=21.45s
2026-04-22 16:06:31,129 INFO task=381 mode=without_mcp pass=True reason=pass latency=22.30s
2026-04-22 16:06:32,691 INFO task=491 mode=without_mcp pass=True reason=pass latency=21.80s
2026-04-22 16:06:34,199 INFO task=5 mode=without_mcp pass=False reason=assertion_error latency=17.39s
2026-04-22 16:06:35,353 INFO task=554 mode=without_mcp pass=True reason=pass latency=6.86s
2026-04-22 16:06:35,353 INFO mode=without_mcp progress 700/974
2026-04-22 16:06:36,223 INFO task=789 mode=without_mcp pass=True reason=pass latency=5.08s
2026-04-22 16:06:37,966 INFO task=75 mode=without_mcp pass=False reason=assertion_error latency=5.28s
2026-04-22 16:06:40,227 INFO task=193 mode=without_mcp pass=True reason=pass latency=6.04s
2026-04-22 16:06:45,309 INFO task=256 mode=without_mcp pass=False reason=assertion_error latency=9.94s
2026-04-22 16:06:46,541 INFO task=739 mode=without_mcp pass=False reason=assertion_error latency=10.29s
2026-04-22 16:06:50,162 INFO task=608 mode=without_mcp pass=False reason=assertion_error latency=12.20s
2026-04-22 16:06:52,867 INFO task=840 mode=without_mcp pass=False reason=assertion_error latency=12.62s
2026-04-22 16:06:54,185 INFO task=671 mode=without_mcp pass=False reason=assertion_error latency=8.88s
2026-04-22 16:06:55,711 INFO task=920 mode=without_mcp pass=False reason=assertion_error latency=9.22s
2026-04-22 16:06:57,519 INFO task=14 mode=without_mcp pass=False reason=assertion_error latency=7.35s
2026-04-22 16:06:59,106 INFO task=130 mode=without_mcp pass=False reason=assertion_error latency=6.25s
2026-04-22 16:07:02,521 INFO task=308 mode=without_mcp pass=True reason=pass latency=8.31s
2026-04-22 16:07:04,162 INFO task=430 mode=without_mcp pass=False reason=assertion_error latency=8.45s
2026-04-22 16:07:09,278 INFO task=382 mode=without_mcp pass=True reason=pass latency=11.75s
2026-04-22 16:07:10,420 INFO task=476 mode=without_mcp pass=True reason=pass latency=11.32s
2026-04-22 16:07:11,565 INFO task=600 mode=without_mcp pass=True reason=pass latency=9.07s
2026-04-22 16:07:14,876 INFO task=556 mode=without_mcp pass=True reason=pass latency=10.71s
2026-04-22 16:07:16,024 INFO task=796 mode=without_mcp pass=True reason=pass latency=6.75s
2026-04-22 16:07:17,259 INFO task=65 mode=without_mcp pass=False reason=runtime_error latency=6.83s
2026-04-22 16:07:20,548 INFO task=196 mode=without_mcp pass=True reason=pass latency=8.98s
2026-04-22 16:07:27,718 INFO task=246 mode=without_mcp pass=True reason=pass latency=12.83s
2026-04-22 16:07:30,191 INFO task=740 mode=without_mcp pass=False reason=assertion_error latency=14.15s
2026-04-22 16:07:31,511 INFO task=609 mode=without_mcp pass=False reason=assertion_error latency=14.25s
2026-04-22 16:07:33,012 INFO task=852 mode=without_mcp pass=True reason=pass latency=12.46s
2026-04-22 16:07:34,513 INFO task=683 mode=without_mcp pass=False reason=assertion_error latency=6.80s
2026-04-22 16:07:34,513 INFO mode=without_mcp progress 725/974
2026-04-22 16:07:38,825 INFO task=918 mode=without_mcp pass=False reason=runtime_error latency=8.63s
2026-04-22 16:07:41,706 INFO task=20 mode=without_mcp pass=False reason=assertion_error latency=10.19s
2026-04-22 16:07:44,686 INFO task=119 mode=without_mcp pass=True reason=pass latency=11.68s
2026-04-22 16:07:46,027 INFO task=309 mode=without_mcp pass=True reason=pass latency=11.50s
2026-04-22 16:07:47,727 INFO task=432 mode=without_mcp pass=False reason=runtime_error latency=8.93s
2026-04-22 16:07:48,880 INFO task=383 mode=without_mcp pass=False reason=assertion_error latency=7.18s
2026-04-22 16:08:07,103 INFO task=493 mode=without_mcp pass=False reason=name_error latency=22.38s
2026-04-22 16:08:08,976 INFO task=6 mode=without_mcp pass=True reason=pass latency=22.96s
2026-04-22 16:08:11,047 INFO task=553 mode=without_mcp pass=False reason=assertion_error latency=23.33s
2026-04-22 16:08:11,927 INFO task=798 mode=without_mcp pass=True reason=pass latency=23.04s
2026-04-22 16:08:13,025 INFO task=76 mode=without_mcp pass=False reason=assertion_error latency=5.94s
2026-04-22 16:08:14,605 INFO task=197 mode=without_mcp pass=True reason=pass latency=5.63s
2026-04-22 16:08:16,608 INFO task=255 mode=without_mcp pass=False reason=name_error latency=5.55s
2026-04-22 16:08:17,710 INFO task=741 mode=without_mcp pass=True reason=pass latency=5.79s
2026-04-22 16:08:19,661 INFO task=621 mode=without_mcp pass=False reason=runtime_error latency=6.64s
2026-04-22 16:08:24,263 INFO task=853 mode=without_mcp pass=False reason=name_error latency=9.67s
2026-04-22 16:08:25,219 INFO task=684 mode=without_mcp pass=False reason=assertion_error latency=8.59s
2026-04-22 16:08:27,178 INFO task=921 mode=without_mcp pass=True reason=pass latency=9.47s
2026-04-22 16:08:28,400 INFO task=21 mode=without_mcp pass=False reason=assertion_error latency=8.73s
2026-04-22 16:08:32,993 INFO task=125 mode=without_mcp pass=False reason=assertion_error latency=8.73s
2026-04-22 16:08:34,158 INFO task=310 mode=without_mcp pass=False reason=assertion_error latency=8.91s
2026-04-22 16:08:35,357 INFO task=384 mode=without_mcp pass=True reason=pass latency=8.18s
2026-04-22 16:08:36,721 INFO task=346 mode=without_mcp pass=False reason=assertion_error latency=8.34s
2026-04-22 16:08:38,002 INFO task=494 mode=without_mcp pass=False reason=assertion_error latency=5.00s
2026-04-22 16:08:39,789 INFO task=7 mode=without_mcp pass=True reason=pass latency=5.67s
2026-04-22 16:08:39,790 INFO mode=without_mcp progress 750/974
2026-04-22 16:08:40,982 INFO task=558 mode=without_mcp pass=False reason=assertion_error latency=5.62s
2026-04-22 16:08:42,610 INFO task=797 mode=without_mcp pass=True reason=pass latency=5.90s
2026-04-22 16:08:44,502 INFO task=77 mode=without_mcp pass=False reason=assertion_error latency=6.50s
2026-04-22 16:08:47,349 INFO task=198 mode=without_mcp pass=False reason=assertion_error latency=7.57s
2026-04-22 16:08:48,192 INFO task=242 mode=without_mcp pass=True reason=pass latency=7.21s
2026-04-22 16:08:49,624 INFO task=743 mode=without_mcp pass=False reason=assertion_error latency=7.00s
2026-04-22 16:08:53,716 INFO task=601 mode=without_mcp pass=False reason=name_error latency=9.22s
2026-04-22 16:08:55,270 INFO task=854 mode=without_mcp pass=False reason=assertion_error latency=7.91s
2026-04-22 16:09:00,771 INFO task=685 mode=without_mcp pass=False reason=assertion_error latency=12.58s
2026-04-22 16:09:01,976 INFO task=913 mode=without_mcp pass=True reason=pass latency=12.35s
2026-04-22 16:09:03,925 INFO task=22 mode=without_mcp pass=False reason=assertion_error latency=10.20s
2026-04-22 16:09:07,188 INFO task=141 mode=without_mcp pass=False reason=assertion_error latency=11.91s
2026-04-22 16:09:09,202 INFO task=312 mode=without_mcp pass=False reason=assertion_error latency=8.42s
2026-04-22 16:09:11,746 INFO task=385 mode=without_mcp pass=False reason=assertion_error latency=9.79s
2026-04-22 16:09:12,822 INFO task=326 mode=without_mcp pass=False reason=runtime_error latency=8.90s
2026-04-22 16:09:15,327 INFO task=484 mode=without_mcp pass=True reason=pass latency=8.14s
2026-04-22 16:09:17,044 INFO task=595 mode=without_mcp pass=False reason=assertion_error latency=7.84s
2026-04-22 16:09:18,302 INFO task=560 mode=without_mcp pass=True reason=pass latency=6.54s
2026-04-22 16:09:19,210 INFO task=800 mode=without_mcp pass=True reason=pass latency=6.38s
2026-04-22 16:09:20,815 INFO task=78 mode=without_mcp pass=False reason=assertion_error latency=5.47s
2026-04-22 16:09:22,165 INFO task=199 mode=without_mcp pass=True reason=pass latency=5.12s
2026-04-22 16:09:29,041 INFO task=247 mode=without_mcp pass=True reason=pass latency=10.71s
2026-04-22 16:09:30,439 INFO task=744 mode=without_mcp pass=True reason=pass latency=11.23s
2026-04-22 16:09:31,307 INFO task=624 mode=without_mcp pass=False reason=assertion_error latency=10.51s
2026-04-22 16:09:33,183 INFO task=855 mode=without_mcp pass=True reason=pass latency=11.04s
2026-04-22 16:09:33,183 INFO mode=without_mcp progress 775/974
2026-04-22 16:09:34,664 INFO task=680 mode=without_mcp pass=True reason=pass latency=5.67s
2026-04-22 16:09:36,566 INFO task=917 mode=without_mcp pass=False reason=assertion_error latency=6.12s
2026-04-22 16:09:38,770 INFO task=15 mode=without_mcp pass=False reason=runtime_error latency=7.45s
2026-04-22 16:09:39,919 INFO task=143 mode=without_mcp pass=False reason=assertion_error latency=6.73s
2026-04-22 16:09:42,151 INFO task=315 mode=without_mcp pass=False reason=assertion_error latency=7.48s
2026-04-22 16:09:43,749 INFO task=379 mode=without_mcp pass=True reason=pass latency=7.20s
2026-04-22 16:09:44,703 INFO task=331 mode=without_mcp pass=False reason=assertion_error latency=5.94s
2026-04-22 16:09:49,056 INFO task=492 mode=without_mcp pass=True reason=pass latency=9.14s
2026-04-22 16:09:50,669 INFO task=598 mode=without_mcp pass=True reason=pass latency=8.53s
2026-04-22 16:09:52,556 INFO task=561 mode=without_mcp pass=False reason=assertion_error latency=8.79s
2026-04-22 16:09:53,801 INFO task=801 mode=without_mcp pass=False reason=assertion_error latency=9.08s
2026-04-22 16:09:55,313 INFO task=66 mode=without_mcp pass=True reason=pass latency=6.26s
2026-04-22 16:09:57,018 INFO task=192 mode=without_mcp pass=True reason=pass latency=6.35s
2026-04-22 16:09:58,531 INFO task=248 mode=without_mcp pass=False reason=assertion_error latency=5.98s
2026-04-22 16:10:06,684 INFO task=721 mode=without_mcp pass=False reason=runtime_error latency=12.89s
2026-04-22 16:10:08,312 INFO task=652 mode=without_mcp pass=False reason=assertion_error latency=12.99s
2026-04-22 16:10:12,393 INFO task=856 mode=without_mcp pass=False reason=assertion_error latency=15.36s
2026-04-22 16:10:14,139 INFO task=675 mode=without_mcp pass=True reason=pass latency=15.61s
2026-04-22 16:10:15,618 INFO task=922 mode=without_mcp pass=False reason=assertion_error latency=8.93s
2026-04-22 16:10:17,107 INFO task=16 mode=without_mcp pass=False reason=assertion_error latency=8.80s
2026-04-22 16:10:19,918 INFO task=134 mode=without_mcp pass=False reason=assertion_error latency=7.53s
2026-04-22 16:10:23,289 INFO task=316 mode=without_mcp pass=False reason=assertion_error latency=9.15s
2026-04-22 16:10:24,367 INFO task=375 mode=without_mcp pass=True reason=pass latency=8.77s
2026-04-22 16:10:26,167 INFO task=333 mode=without_mcp pass=True reason=pass latency=9.00s
2026-04-22 16:10:27,272 INFO task=495 mode=without_mcp pass=True reason=pass latency=7.35s
2026-04-22 16:10:27,272 INFO mode=without_mcp progress 800/974
2026-04-22 16:10:33,534 INFO task=1 mode=without_mcp pass=False reason=assertion_error latency=10.23s
2026-04-22 16:10:35,177 INFO task=542 mode=without_mcp pass=True reason=pass latency=10.75s
2026-04-22 16:10:36,338 INFO task=792 mode=without_mcp pass=True reason=pass latency=10.23s
2026-04-22 16:10:37,821 INFO task=79 mode=without_mcp pass=True reason=pass latency=10.57s
2026-04-22 16:10:39,390 INFO task=195 mode=without_mcp pass=True reason=pass latency=5.85s
2026-04-22 16:10:40,307 INFO task=252 mode=without_mcp pass=False reason=name_error latency=5.17s
2026-04-22 16:10:42,622 INFO task=722 mode=without_mcp pass=False reason=assertion_error latency=6.27s
2026-04-22 16:10:43,653 INFO task=604 mode=without_mcp pass=True reason=pass latency=5.80s
2026-04-22 16:10:44,813 INFO task=858 mode=without_mcp pass=True reason=pass latency=5.42s
2026-04-22 16:10:46,204 INFO task=660 mode=without_mcp pass=False reason=assertion_error latency=5.91s
2026-04-22 16:10:54,419 INFO task=923 mode=without_mcp pass=True reason=pass latency=11.81s
2026-04-22 16:10:55,807 INFO task=23 mode=without_mcp pass=True reason=pass latency=12.17s
2026-04-22 16:10:58,534 INFO task=126 mode=without_mcp pass=False reason=runtime_error latency=13.74s
2026-04-22 16:11:01,534 INFO task=317 mode=without_mcp pass=False reason=assertion_error latency=15.34s
2026-04-22 16:11:03,162 INFO task=414 mode=without_mcp pass=True reason=pass latency=8.73s
2026-04-22 16:11:07,526 INFO task=323 mode=without_mcp pass=False reason=assertion_error latency=11.73s
2026-04-22 16:11:10,223 INFO task=496 mode=without_mcp pass=True reason=pass latency=11.68s
2026-04-22 16:11:11,472 INFO task=8 mode=without_mcp pass=True reason=pass latency=9.93s
2026-04-22 16:11:12,316 INFO task=543 mode=without_mcp pass=True reason=pass latency=9.17s
2026-04-22 16:11:16,331 INFO task=795 mode=without_mcp pass=True reason=pass latency=8.80s
2026-04-22 16:11:18,461 INFO task=80 mode=without_mcp pass=False reason=assertion_error latency=8.24s
2026-04-22 16:11:19,955 INFO task=200 mode=without_mcp pass=True reason=pass latency=8.48s
2026-04-22 16:11:21,517 INFO task=250 mode=without_mcp pass=True reason=pass latency=9.17s
2026-04-22 16:11:23,214 INFO task=727 mode=without_mcp pass=True reason=pass latency=6.86s
2026-04-22 16:11:24,929 INFO task=861 mode=without_mcp pass=True reason=pass latency=6.45s
2026-04-22 16:11:24,929 INFO mode=without_mcp progress 825/974
2026-04-22 16:11:25,894 INFO task=668 mode=without_mcp pass=False reason=assertion_error latency=5.93s
2026-04-22 16:11:28,187 INFO task=919 mode=without_mcp pass=False reason=assertion_error latency=6.68s
2026-04-22 16:11:30,174 INFO task=17 mode=without_mcp pass=True reason=pass latency=6.98s
2026-04-22 16:11:31,686 INFO task=145 mode=without_mcp pass=True reason=pass latency=6.75s
2026-04-22 16:11:34,174 INFO task=314 mode=without_mcp pass=False reason=assertion_error latency=8.28s
2026-04-22 16:11:36,564 INFO task=387 mode=without_mcp pass=True reason=pass latency=8.40s
2026-04-22 16:11:39,494 INFO task=338 mode=without_mcp pass=False reason=assertion_error latency=9.32s
2026-04-22 16:11:41,394 INFO task=497 mode=without_mcp pass=False reason=assertion_error latency=9.71s
2026-04-22 16:11:44,119 INFO task=9 mode=without_mcp pass=False reason=assertion_error latency=9.94s
2026-04-22 16:11:47,649 INFO task=535 mode=without_mcp pass=False reason=assertion_error latency=11.07s
2026-04-22 16:11:51,934 INFO task=793 mode=without_mcp pass=False reason=runtime_error latency=12.43s
2026-04-22 16:11:53,979 INFO task=81 mode=without_mcp pass=False reason=assertion_error latency=12.60s
2026-04-22 16:11:55,717 INFO task=194 mode=without_mcp pass=False reason=runtime_error latency=11.61s
2026-04-22 16:11:57,551 INFO task=253 mode=without_mcp pass=True reason=pass latency=9.90s
2026-04-22 16:11:59,147 INFO task=742 mode=without_mcp pass=False reason=name_error latency=7.23s
2026-04-22 16:12:01,937 INFO task=603 mode=without_mcp pass=False reason=assertion_error latency=7.97s
2026-04-22 16:12:05,074 INFO task=862 mode=without_mcp pass=False reason=assertion_error latency=9.35s
2026-04-22 16:12:06,635 INFO task=658 mode=without_mcp pass=True reason=pass latency=9.09s
2026-04-22 16:12:08,199 INFO task=924 mode=without_mcp pass=True reason=pass latency=9.04s
2026-04-22 16:12:09,752 INFO task=24 mode=without_mcp pass=False reason=runtime_error latency=7.83s
2026-04-22 16:12:17,049 INFO task=131 mode=without_mcp pass=True reason=pass latency=11.97s
2026-04-22 16:12:18,266 INFO task=318 mode=without_mcp pass=False reason=assertion_error latency=11.63s
2026-04-22 16:12:19,257 INFO task=410 mode=without_mcp pass=False reason=runtime_error latency=11.07s
2026-04-22 16:12:20,807 INFO task=329 mode=without_mcp pass=True reason=pass latency=11.02s
2026-04-22 16:12:21,703 INFO task=477 mode=without_mcp pass=True reason=pass latency=4.63s
2026-04-22 16:12:21,703 INFO mode=without_mcp progress 850/974
2026-04-22 16:12:24,887 INFO task=4 mode=without_mcp pass=True reason=pass latency=6.63s
2026-04-22 16:12:26,538 INFO task=557 mode=without_mcp pass=True reason=pass latency=7.26s
2026-04-22 16:12:27,963 INFO task=799 mode=without_mcp pass=False reason=name_error latency=7.17s
2026-04-22 16:12:29,309 INFO task=63 mode=without_mcp pass=False reason=assertion_error latency=7.64s
2026-04-22 16:12:30,400 INFO task=201 mode=without_mcp pass=True reason=pass latency=5.51s
2026-04-22 16:12:31,722 INFO task=249 mode=without_mcp pass=False reason=assertion_error latency=5.19s
2026-04-22 16:12:35,481 INFO task=745 mode=without_mcp pass=True reason=pass latency=7.53s
2026-04-22 16:12:36,851 INFO task=614 mode=without_mcp pass=True reason=pass latency=7.54s
2026-04-22 16:12:38,188 INFO task=864 mode=without_mcp pass=True reason=pass latency=7.80s
2026-04-22 16:12:39,527 INFO task=925 mode=without_mcp pass=False reason=name_error latency=7.81s
2026-04-22 16:12:42,123 INFO task=13 mode=without_mcp pass=False reason=assertion_error latency=6.64s
2026-04-22 16:12:48,753 INFO task=121 mode=without_mcp pass=True reason=pass latency=11.90s
2026-04-22 16:12:50,049 INFO task=313 mode=without_mcp pass=False reason=assertion_error latency=11.86s
2026-04-22 16:12:51,415 INFO task=418 mode=without_mcp pass=True reason=pass latency=11.88s
2026-04-22 16:12:53,198 INFO task=339 mode=without_mcp pass=False reason=assertion_error latency=11.07s
2026-04-22 16:12:54,196 INFO task=479 mode=without_mcp pass=True reason=pass latency=5.44s
2026-04-22 16:12:57,879 INFO task=559 mode=without_mcp pass=True reason=pass latency=7.82s
2026-04-22 16:13:00,194 INFO task=607 mode=without_mcp pass=True reason=pass latency=8.77s
2026-04-22 16:13:01,545 INFO task=865 mode=without_mcp pass=True reason=pass latency=8.34s
2026-04-22 16:13:03,159 INFO task=18 mode=without_mcp pass=True reason=pass latency=8.94s
2026-04-22 16:13:10,229 INFO task=129 mode=without_mcp pass=False reason=assertion_error latency=12.36s
2026-04-22 16:13:11,573 INFO task=311 mode=without_mcp pass=False reason=assertion_error latency=11.37s
2026-04-22 16:13:13,299 INFO task=699 mode=without_mcp pass=False reason=assertion_error latency=11.69s
2026-04-22 16:13:15,312 INFO task=396 mode=without_mcp pass=False reason=assertion_error latency=12.16s
2026-04-22 16:13:16,593 INFO task=810 mode=without_mcp pass=False reason=assertion_error latency=6.36s
2026-04-22 16:13:16,593 INFO mode=without_mcp progress 875/974
2026-04-22 16:13:19,326 INFO task=881 mode=without_mcp pass=False reason=assertion_error latency=7.77s
2026-04-22 16:13:20,989 INFO task=931 mode=without_mcp pass=False reason=assertion_error latency=7.78s
2026-04-22 16:13:22,412 INFO task=104 mode=without_mcp pass=True reason=pass latency=7.05s
2026-04-22 16:13:23,931 INFO task=268 mode=without_mcp pass=False reason=assertion_error latency=7.34s
2026-04-22 16:13:26,666 INFO task=324 mode=without_mcp pass=False reason=runtime_error latency=7.32s
2026-04-22 16:13:27,869 INFO task=478 mode=without_mcp pass=True reason=pass latency=6.86s
2026-04-22 16:13:29,448 INFO task=530 mode=without_mcp pass=False reason=assertion_error latency=7.08s
2026-04-22 16:13:31,172 INFO task=615 mode=without_mcp pass=False reason=assertion_error latency=7.25s
2026-04-22 16:13:33,878 INFO task=859 mode=without_mcp pass=False reason=assertion_error latency=7.23s
2026-04-22 16:13:35,206 INFO task=11 mode=without_mcp pass=True reason=pass latency=7.35s
2026-04-22 16:13:36,550 INFO task=118 mode=without_mcp pass=True reason=pass latency=7.11s
2026-04-22 16:13:38,073 INFO task=319 mode=without_mcp pass=True reason=pass latency=6.89s
2026-04-22 16:13:39,846 INFO task=714 mode=without_mcp pass=False reason=assertion_error latency=5.99s
2026-04-22 16:13:41,264 INFO task=397 mode=without_mcp pass=True reason=pass latency=5.98s
2026-04-22 16:13:42,841 INFO task=811 mode=without_mcp pass=True reason=pass latency=6.28s
2026-04-22 16:13:44,257 INFO task=873 mode=without_mcp pass=True reason=pass latency=6.19s
2026-04-22 16:13:45,605 INFO task=932 mode=without_mcp pass=False reason=assertion_error latency=5.74s
2026-04-22 16:13:49,114 INFO task=84 mode=without_mcp pass=False reason=assertion_error latency=7.92s
2026-04-22 16:13:50,367 INFO task=278 mode=without_mcp pass=False reason=assertion_error latency=7.55s
2026-04-22 16:13:51,835 INFO task=340 mode=without_mcp pass=True reason=pass latency=7.58s
2026-04-22 16:13:53,314 INFO task=482 mode=without_mcp pass=False reason=assertion_error latency=7.71s
2026-04-22 16:13:55,269 INFO task=533 mode=without_mcp pass=False reason=assertion_error latency=6.16s
2026-04-22 16:13:57,124 INFO task=625 mode=without_mcp pass=True reason=pass latency=6.76s
2026-04-22 16:13:59,512 INFO task=860 mode=without_mcp pass=True reason=pass latency=7.63s
2026-04-22 16:14:00,624 INFO task=19 mode=without_mcp pass=True reason=pass latency=7.31s
2026-04-22 16:14:00,625 INFO mode=without_mcp progress 900/974
2026-04-22 16:14:01,884 INFO task=136 mode=without_mcp pass=False reason=assertion_error latency=6.61s
2026-04-22 16:14:03,749 INFO task=320 mode=without_mcp pass=False reason=assertion_error latency=6.63s
2026-04-22 16:14:05,600 INFO task=700 mode=without_mcp pass=True reason=pass latency=6.15s
2026-04-22 16:14:07,091 INFO task=411 mode=without_mcp pass=True reason=pass latency=6.47s
2026-04-22 16:14:08,921 INFO task=806 mode=without_mcp pass=False reason=assertion_error latency=7.03s
2026-04-22 16:14:10,329 INFO task=897 mode=without_mcp pass=True reason=pass latency=6.57s
2026-04-22 16:14:12,507 INFO task=939 mode=without_mcp pass=False reason=assertion_error latency=6.90s
2026-04-22 16:14:14,138 INFO task=88 mode=without_mcp pass=True reason=pass latency=7.05s
2026-04-22 16:14:15,561 INFO task=279 mode=without_mcp pass=False reason=assertion_error latency=6.62s
2026-04-22 16:14:17,012 INFO task=327 mode=without_mcp pass=True reason=pass latency=6.70s
2026-04-22 16:14:19,060 INFO task=487 mode=without_mcp pass=True reason=pass latency=6.55s
2026-04-22 16:14:21,453 INFO task=537 mode=without_mcp pass=False reason=assertion_error latency=7.30s
2026-04-22 16:14:23,587 INFO task=627 mode=without_mcp pass=True reason=pass latency=8.01s
2026-04-22 16:14:28,144 INFO task=863 mode=without_mcp pass=False reason=assertion_error latency=11.13s
2026-04-22 16:14:29,249 INFO task=25 mode=without_mcp pass=False reason=assertion_error latency=10.19s
2026-04-22 16:14:30,443 INFO task=137 mode=without_mcp pass=False reason=assertion_error latency=9.00s
2026-04-22 16:14:31,837 INFO task=321 mode=without_mcp pass=False reason=assertion_error latency=8.29s
2026-04-22 16:14:34,108 INFO task=719 mode=without_mcp pass=False reason=assertion_error latency=5.96s
2026-04-22 16:14:35,576 INFO task=417 mode=without_mcp pass=False reason=assertion_error latency=6.32s
2026-04-22 16:14:37,031 INFO task=802 mode=without_mcp pass=False reason=assertion_error latency=6.59s
2026-04-22 16:14:39,534 INFO task=880 mode=without_mcp pass=False reason=assertion_error latency=7.70s
2026-04-22 16:14:40,938 INFO task=947 mode=without_mcp pass=True reason=pass latency=6.83s
2026-04-22 16:14:42,488 INFO task=91 mode=without_mcp pass=False reason=assertion_error latency=6.89s
2026-04-22 16:14:43,956 INFO task=290 mode=without_mcp pass=False reason=assertion_error latency=6.93s
2026-04-22 16:14:45,618 INFO task=328 mode=without_mcp pass=False reason=assertion_error latency=6.07s
2026-04-22 16:14:45,618 INFO mode=without_mcp progress 925/974
2026-04-22 16:14:46,866 INFO task=10 mode=without_mcp pass=True reason=pass latency=5.94s
2026-04-22 16:14:47,909 INFO task=538 mode=without_mcp pass=False reason=assertion_error latency=5.44s
2026-04-22 16:14:55,720 INFO task=516 mode=without_mcp pass=False reason=assertion_error latency=11.75s
2026-04-22 16:14:58,223 INFO task=630 mode=without_mcp pass=True reason=pass latency=12.59s
2026-04-22 16:15:00,466 INFO task=756 mode=without_mcp pass=False reason=assertion_error latency=13.59s
2026-04-22 16:15:03,222 INFO task=38 mode=without_mcp pass=True reason=pass latency=15.33s
2026-04-22 16:15:07,287 INFO task=147 mode=without_mcp pass=False reason=runtime_error latency=11.57s
2026-04-22 16:15:09,017 INFO task=213 mode=without_mcp pass=True reason=pass latency=10.80s
2026-04-22 16:15:10,335 INFO task=712 mode=without_mcp pass=False reason=assertion_error latency=9.87s
2026-04-22 16:15:11,411 INFO task=404 mode=without_mcp pass=True reason=pass latency=8.16s
2026-04-22 16:15:12,791 INFO task=803 mode=without_mcp pass=True reason=pass latency=5.47s
2026-04-22 16:15:13,795 INFO task=900 mode=without_mcp pass=True reason=pass latency=4.75s
2026-04-22 16:15:15,283 INFO task=928 mode=without_mcp pass=False reason=assertion_error latency=4.95s
2026-04-22 16:15:17,022 INFO task=96 mode=without_mcp pass=False reason=assertion_error latency=5.63s
2026-04-22 16:15:18,174 INFO task=266 mode=without_mcp pass=True reason=pass latency=5.42s
2026-04-22 16:15:20,238 INFO task=330 mode=without_mcp pass=True reason=pass latency=6.47s
2026-04-22 16:15:27,179 INFO task=531 mode=without_mcp pass=False reason=runtime_error latency=11.90s
2026-04-22 16:15:28,597 INFO task=529 mode=without_mcp pass=False reason=assertion_error latency=11.57s
2026-04-22 16:15:30,764 INFO task=631 mode=without_mcp pass=True reason=pass latency=12.58s
2026-04-22 16:15:31,841 INFO task=764 mode=without_mcp pass=True reason=pass latency=11.57s
2026-04-22 16:15:32,871 INFO task=46 mode=without_mcp pass=True reason=pass latency=5.69s
2026-04-22 16:15:34,244 INFO task=167 mode=without_mcp pass=False reason=assertion_error latency=5.67s
2026-04-22 16:15:36,174 INFO task=219 mode=without_mcp pass=False reason=assertion_error latency=5.42s
2026-04-22 16:15:37,651 INFO task=709 mode=without_mcp pass=False reason=assertion_error latency=5.84s
2026-04-22 16:15:39,172 INFO task=388 mode=without_mcp pass=True reason=pass latency=6.32s
2026-04-22 16:15:39,173 INFO mode=without_mcp progress 950/974
2026-04-22 16:15:40,702 INFO task=807 mode=without_mcp pass=True reason=pass latency=6.45s
2026-04-22 16:15:42,491 INFO task=874 mode=without_mcp pass=False reason=assertion_error latency=6.30s
2026-04-22 16:15:44,126 INFO task=953 mode=without_mcp pass=False reason=assertion_error latency=6.48s
2026-04-22 16:16:09,192 INFO task=117 mode=without_mcp pass=False reason=assertion_error latency=30.00s
2026-04-22 16:19:38,219 INFO task=273 mode=without_mcp pass=True reason=pass latency=237.51s
2026-04-22 16:19:41,718 INFO task=336 mode=without_mcp pass=True reason=pass latency=239.23s
2026-04-22 16:19:43,100 INFO task=532 mode=without_mcp pass=True reason=pass latency=238.95s
2026-04-22 16:19:44,904 INFO task=511 mode=without_mcp pass=False reason=assertion_error latency=215.73s
2026-04-22 16:19:47,513 INFO task=636 mode=without_mcp pass=False reason=assertion_error latency=9.29s
2026-04-22 16:19:50,402 INFO task=757 mode=without_mcp pass=False reason=assertion_error latency=8.68s
2026-04-22 16:19:51,936 INFO task=49 mode=without_mcp pass=True reason=pass latency=8.85s
2026-04-22 16:19:53,132 INFO task=172 mode=without_mcp pass=True reason=pass latency=8.21s
2026-04-22 16:19:54,203 INFO task=224 mode=without_mcp pass=True reason=pass latency=6.70s
2026-04-22 16:19:56,031 INFO task=693 mode=without_mcp pass=True reason=pass latency=5.63s
2026-04-22 16:19:58,208 INFO task=403 mode=without_mcp pass=True reason=pass latency=6.28s
2026-04-22 16:19:59,359 INFO task=808 mode=without_mcp pass=True reason=pass latency=6.21s
2026-04-22 16:20:00,830 INFO task=885 mode=without_mcp pass=False reason=name_error latency=6.62s
2026-04-22 16:20:01,790 INFO task=945 mode=without_mcp pass=True reason=pass latency=5.77s
2026-04-22 16:20:03,157 INFO task=82 mode=without_mcp pass=False reason=assertion_error latency=4.95s
2026-04-22 16:20:04,244 INFO task=284 mode=without_mcp pass=True reason=pass latency=4.91s
2026-04-22 16:20:05,614 INFO task=337 mode=without_mcp pass=False reason=assertion_error latency=4.80s
2026-04-22 16:20:08,589 INFO task=548 mode=without_mcp pass=True reason=pass latency=6.80s
2026-04-22 16:20:09,480 INFO task=499 mode=without_mcp pass=True reason=pass latency=6.34s
2026-04-22 16:20:12,052 INFO task=638 mode=without_mcp pass=False reason=assertion_error latency=7.80s
2026-04-22 16:20:12,052 INFO mode=without_mcp progress 974/974
2026-04-22 16:20:12,059 INFO mode=without_mcp pass@1=0.4559 (444/974)
2026-04-22 16:20:12,059 INFO === running mode=with_mcp on 974 tasks (concurrency=4, kb=True) ===
2026-04-22 16:20:29,049 INFO task=813 mode=with_mcp pass=True reason=pass latency=16.19s
2026-04-22 16:20:32,586 INFO task=217 mode=with_mcp pass=False reason=assertion_error latency=19.73s
2026-04-22 16:20:35,299 INFO task=431 mode=with_mcp pass=False reason=assertion_error latency=22.44s
2026-04-22 16:20:38,253 INFO task=858 mode=with_mcp pass=True reason=pass latency=25.43s
2026-04-22 16:20:41,207 INFO task=161 mode=with_mcp pass=True reason=pass latency=12.17s
2026-04-22 16:20:44,008 INFO task=365 mode=with_mcp pass=True reason=pass latency=11.43s
2026-04-22 16:20:46,094 INFO task=299 mode=with_mcp pass=False reason=assertion_error latency=10.78s
2026-04-22 16:20:49,441 INFO task=185 mode=with_mcp pass=False reason=assertion_error latency=11.10s
2026-04-22 16:20:52,409 INFO task=525 mode=with_mcp pass=False reason=assertion_error latency=11.20s
2026-04-22 16:20:55,253 INFO task=14 mode=with_mcp pass=False reason=assertion_error latency=11.23s
2026-04-22 16:20:58,036 INFO task=224 mode=with_mcp pass=True reason=pass latency=11.96s
2026-04-22 16:21:00,893 INFO task=915 mode=with_mcp pass=False reason=assertion_error latency=11.53s
2026-04-22 16:21:03,088 INFO task=764 mode=with_mcp pass=True reason=pass latency=10.69s
2026-04-22 16:21:05,597 INFO task=75 mode=with_mcp pass=False reason=assertion_error latency=10.35s
2026-04-22 16:21:08,339 INFO task=474 mode=with_mcp pass=True reason=pass latency=10.28s
2026-04-22 16:21:10,492 INFO task=703 mode=with_mcp pass=True reason=pass latency=9.59s
2026-04-22 16:21:13,533 INFO task=832 mode=with_mcp pass=True reason=pass latency=10.43s
2026-04-22 16:21:16,075 INFO task=116 mode=with_mcp pass=True reason=pass latency=10.48s
2026-04-22 16:21:18,870 INFO task=417 mode=with_mcp pass=False reason=runtime_error latency=10.53s
2026-04-22 16:21:22,152 INFO task=851 mode=with_mcp pass=False reason=assertion_error latency=11.66s
2026-04-22 16:21:25,826 INFO task=359 mode=with_mcp pass=False reason=assertion_error latency=12.31s
2026-04-22 16:21:28,644 INFO task=302 mode=with_mcp pass=True reason=pass latency=12.56s
2026-04-22 16:21:31,442 INFO task=644 mode=with_mcp pass=True reason=pass latency=12.59s
2026-04-22 16:21:36,685 INFO task=524 mode=with_mcp pass=True reason=pass latency=14.56s
2026-04-22 16:21:39,874 INFO task=971 mode=with_mcp pass=False reason=assertion_error latency=14.01s
2026-04-22 16:21:39,875 INFO mode=with_mcp progress 25/974
2026-04-22 16:21:44,465 INFO task=239 mode=with_mcp pass=False reason=assertion_error latency=15.84s
2026-04-22 16:21:48,303 INFO task=917 mode=with_mcp pass=False reason=assertion_error latency=16.87s
2026-04-22 16:21:53,625 INFO task=765 mode=with_mcp pass=False reason=assertion_error latency=16.92s
2026-04-22 16:21:56,307 INFO task=64 mode=with_mcp pass=True reason=pass latency=16.47s
2026-04-22 16:21:59,053 INFO task=478 mode=with_mcp pass=True reason=pass latency=14.59s
2026-04-22 16:22:01,124 INFO task=708 mode=with_mcp pass=True reason=pass latency=12.81s
2026-04-22 16:22:03,201 INFO task=818 mode=with_mcp pass=True reason=pass latency=9.57s
2026-04-22 16:22:06,680 INFO task=139 mode=with_mcp pass=False reason=assertion_error latency=10.33s
2026-04-22 16:22:09,575 INFO task=409 mode=with_mcp pass=True reason=pass latency=10.51s
2026-04-22 16:22:13,645 INFO task=345 mode=with_mcp pass=True reason=pass latency=12.52s
2026-04-22 16:22:15,990 INFO task=310 mode=with_mcp pass=False reason=assertion_error latency=12.80s
2026-04-22 16:22:18,134 INFO task=536 mode=with_mcp pass=False reason=assertion_error latency=11.48s
2026-04-22 16:22:22,344 INFO task=15 mode=with_mcp pass=False reason=assertion_error latency=12.78s
2026-04-22 16:22:25,347 INFO task=240 mode=with_mcp pass=False reason=assertion_error latency=11.71s
2026-04-22 16:22:27,652 INFO task=914 mode=with_mcp pass=False reason=assertion_error latency=11.65s
2026-04-22 16:22:30,489 INFO task=772 mode=with_mcp pass=True reason=pass latency=12.36s
2026-04-22 16:22:35,546 INFO task=73 mode=with_mcp pass=True reason=pass latency=13.18s
2026-04-22 16:22:40,157 INFO task=472 mode=with_mcp pass=True reason=pass latency=14.81s
2026-04-22 16:22:42,648 INFO task=702 mode=with_mcp pass=False reason=assertion_error latency=15.00s
2026-04-22 16:23:01,134 INFO task=834 mode=with_mcp pass=True reason=pass latency=30.64s
2026-04-22 16:23:04,657 INFO task=127 mode=with_mcp pass=True reason=pass latency=29.13s
2026-04-22 16:23:08,030 INFO task=419 mode=with_mcp pass=True reason=pass latency=27.87s
2026-04-22 16:23:10,912 INFO task=347 mode=with_mcp pass=False reason=assertion_error latency=28.25s
2026-04-22 16:23:14,679 INFO task=312 mode=with_mcp pass=False reason=assertion_error latency=13.56s
2026-04-22 16:23:17,056 INFO task=646 mode=with_mcp pass=False reason=assertion_error latency=12.39s
2026-04-22 16:23:17,057 INFO mode=with_mcp progress 50/974
2026-04-22 16:23:20,644 INFO task=537 mode=with_mcp pass=False reason=assertion_error latency=12.61s
2026-04-22 16:23:23,710 INFO task=16 mode=with_mcp pass=False reason=assertion_error latency=12.81s
2026-04-22 16:23:26,535 INFO task=251 mode=with_mcp pass=False reason=assertion_error latency=11.83s
2026-04-22 16:23:34,898 INFO task=918 mode=with_mcp pass=False reason=runtime_error latency=17.82s
2026-04-22 16:23:38,543 INFO task=766 mode=with_mcp pass=True reason=pass latency=17.90s
2026-04-22 16:23:44,396 INFO task=77 mode=with_mcp pass=False reason=assertion_error latency=20.67s
2026-04-22 16:23:47,121 INFO task=479 mode=with_mcp pass=True reason=pass latency=20.61s
2026-04-22 16:23:49,522 INFO task=709 mode=with_mcp pass=False reason=assertion_error latency=14.67s
2026-04-22 16:23:55,865 INFO task=836 mode=with_mcp pass=False reason=assertion_error latency=17.32s
2026-04-22 16:23:57,709 INFO task=218 mode=with_mcp pass=False reason=assertion_error latency=13.33s
2026-04-22 16:24:00,259 INFO task=405 mode=with_mcp pass=True reason=pass latency=13.14s
2026-04-22 16:24:04,814 INFO task=342 mode=with_mcp pass=False reason=assertion_error latency=15.29s
2026-04-22 16:24:09,094 INFO task=288 mode=with_mcp pass=False reason=assertion_error latency=13.23s
2026-04-22 16:24:13,061 INFO task=186 mode=with_mcp pass=False reason=assertion_error latency=15.34s
2026-04-22 16:24:18,018 INFO task=540 mode=with_mcp pass=False reason=assertion_error latency=17.72s
2026-04-22 16:24:21,036 INFO task=965 mode=with_mcp pass=False reason=assertion_error latency=16.22s
2026-04-22 16:24:23,652 INFO task=253 mode=with_mcp pass=True reason=pass latency=14.58s
2026-04-22 16:24:27,439 INFO task=621 mode=with_mcp pass=False reason=runtime_error latency=14.40s
2026-04-22 16:24:35,248 INFO task=923 mode=with_mcp pass=False reason=assertion_error latency=17.25s
2026-04-22 16:24:37,887 INFO task=777 mode=with_mcp pass=True reason=pass latency=16.84s
2026-04-22 16:24:41,042 INFO task=61 mode=with_mcp pass=False reason=assertion_error latency=17.37s
2026-04-22 16:24:45,272 INFO task=488 mode=with_mcp pass=False reason=name_error latency=17.81s
2026-04-22 16:24:49,799 INFO task=714 mode=with_mcp pass=False reason=assertion_error latency=14.55s
2026-04-22 16:24:52,675 INFO task=831 mode=with_mcp pass=False reason=assertion_error latency=14.78s
2026-04-22 16:24:57,332 INFO task=126 mode=with_mcp pass=False reason=runtime_error latency=16.29s
2026-04-22 16:24:57,332 INFO mode=with_mcp progress 75/974
2026-04-22 16:24:59,887 INFO task=414 mode=with_mcp pass=True reason=pass latency=14.62s
2026-04-22 16:25:05,129 INFO task=149 mode=with_mcp pass=False reason=assertion_error latency=15.32s
2026-04-22 16:25:07,119 INFO task=341 mode=with_mcp pass=True reason=pass latency=14.45s
2026-04-22 16:25:10,833 INFO task=289 mode=with_mcp pass=False reason=assertion_error latency=13.49s
2026-04-22 16:25:17,401 INFO task=187 mode=with_mcp pass=True reason=pass latency=17.50s
2026-04-22 16:25:23,794 INFO task=523 mode=with_mcp pass=False reason=assertion_error latency=18.66s
2026-04-22 16:25:26,561 INFO task=17 mode=with_mcp pass=True reason=pass latency=19.45s
2026-04-22 16:25:29,546 INFO task=254 mode=with_mcp pass=False reason=assertion_error latency=18.72s
2026-04-22 16:25:33,308 INFO task=625 mode=with_mcp pass=True reason=pass latency=15.94s
2026-04-22 16:25:35,973 INFO task=925 mode=with_mcp pass=False reason=name_error latency=12.21s
2026-04-22 16:25:39,591 INFO task=778 mode=with_mcp pass=False reason=assertion_error latency=13.02s
2026-04-22 16:25:43,106 INFO task=59 mode=with_mcp pass=False reason=assertion_error latency=13.56s
2026-04-22 16:25:44,548 INFO task=476 mode=with_mcp pass=True reason=pass latency=11.22s
2026-04-22 16:25:46,424 INFO task=716 mode=with_mcp pass=True reason=pass latency=10.45s
2026-04-22 16:25:48,620 INFO task=837 mode=with_mcp pass=True reason=pass latency=9.04s
2026-04-22 16:25:51,331 INFO task=219 mode=with_mcp pass=False reason=assertion_error latency=8.24s
2026-04-22 16:26:00,812 INFO task=423 mode=with_mcp pass=False reason=assertion_error latency=16.25s
2026-04-22 16:26:05,940 INFO task=147 mode=with_mcp pass=False reason=assertion_error latency=19.50s
2026-04-22 16:26:08,931 INFO task=350 mode=with_mcp pass=False reason=assertion_error latency=20.28s
2026-04-22 16:26:12,147 INFO task=313 mode=with_mcp pass=False reason=assertion_error latency=20.83s
2026-04-22 16:26:16,754 INFO task=188 mode=with_mcp pass=False reason=assertion_error latency=15.95s
2026-04-22 16:26:19,610 INFO task=528 mode=with_mcp pass=True reason=pass latency=13.70s
2026-04-22 16:26:23,546 INFO task=18 mode=with_mcp pass=True reason=pass latency=14.65s
2026-04-22 16:26:26,429 INFO task=255 mode=with_mcp pass=False reason=assertion_error latency=14.26s
2026-04-22 16:26:28,812 INFO task=614 mode=with_mcp pass=True reason=pass latency=12.08s
2026-04-22 16:26:28,812 INFO mode=with_mcp progress 100/974
2026-04-22 16:26:32,754 INFO task=927 mode=with_mcp pass=False reason=name_error latency=13.13s
2026-04-22 16:26:36,460 INFO task=779 mode=with_mcp pass=False reason=runtime_error latency=12.89s
2026-04-22 16:26:39,155 INFO task=74 mode=with_mcp pass=False reason=assertion_error latency=12.74s
2026-04-22 16:26:43,649 INFO task=485 mode=with_mcp pass=False reason=assertion_error latency=14.80s
2026-04-22 16:26:48,031 INFO task=717 mode=with_mcp pass=False reason=assertion_error latency=15.26s
2026-04-22 16:26:51,863 INFO task=835 mode=with_mcp pass=True reason=pass latency=15.41s
2026-04-22 16:26:53,905 INFO task=118 mode=with_mcp pass=True reason=pass latency=14.75s
2026-04-22 16:26:57,159 INFO task=406 mode=with_mcp pass=True reason=pass latency=13.54s
2026-04-22 16:26:59,520 INFO task=150 mode=with_mcp pass=False reason=assertion_error latency=11.49s
2026-04-22 16:27:02,840 INFO task=351 mode=with_mcp pass=False reason=assertion_error latency=10.97s
2026-04-22 16:27:05,672 INFO task=320 mode=with_mcp pass=False reason=assertion_error latency=11.75s
2026-04-22 16:27:08,761 INFO task=199 mode=with_mcp pass=True reason=pass latency=11.62s
2026-04-22 16:27:12,615 INFO task=545 mode=with_mcp pass=False reason=assertion_error latency=13.09s
2026-04-22 16:27:15,001 INFO task=973 mode=with_mcp pass=True reason=pass latency=12.18s
2026-04-22 16:27:23,253 INFO task=256 mode=with_mcp pass=True reason=pass latency=17.55s
2026-04-22 16:27:26,585 INFO task=619 mode=with_mcp pass=False reason=assertion_error latency=17.81s
2026-04-22 16:27:29,847 INFO task=928 mode=with_mcp pass=False reason=assertion_error latency=17.24s
2026-04-22 16:27:33,750 INFO task=782 mode=with_mcp pass=False reason=syntax_error latency=18.79s
2026-04-22 16:27:36,348 INFO task=76 mode=with_mcp pass=False reason=assertion_error latency=13.13s
2026-04-22 16:27:40,192 INFO task=468 mode=with_mcp pass=False reason=assertion_error latency=13.61s
2026-04-22 16:27:42,772 INFO task=720 mode=with_mcp pass=True reason=pass latency=12.94s
2026-04-22 16:27:45,811 INFO task=838 mode=with_mcp pass=False reason=assertion_error latency=11.99s
2026-04-22 16:27:50,923 INFO task=114 mode=with_mcp pass=False reason=runtime_error latency=14.54s
2026-04-22 16:27:53,235 INFO task=413 mode=with_mcp pass=False reason=assertion_error latency=13.02s
2026-04-22 16:27:59,127 INFO task=145 mode=with_mcp pass=True reason=pass latency=16.33s
2026-04-22 16:27:59,127 INFO mode=with_mcp progress 125/974
2026-04-22 16:28:02,871 INFO task=344 mode=with_mcp pass=False reason=assertion_error latency=17.06s
2026-04-22 16:28:06,836 INFO task=324 mode=with_mcp pass=False reason=runtime_error latency=15.92s
2026-04-22 16:28:11,911 INFO task=643 mode=with_mcp pass=False reason=assertion_error latency=18.67s
2026-04-22 16:28:15,080 INFO task=546 mode=with_mcp pass=False reason=name_error latency=15.97s
2026-04-22 16:28:18,162 INFO task=13 mode=with_mcp pass=False reason=assertion_error latency=15.28s
2026-04-22 16:28:21,308 INFO task=257 mode=with_mcp pass=True reason=pass latency=14.49s
2026-04-22 16:28:24,330 INFO task=629 mode=with_mcp pass=True reason=pass latency=12.45s
2026-04-22 16:28:27,798 INFO task=922 mode=with_mcp pass=False reason=assertion_error latency=12.70s
2026-04-22 16:28:30,060 INFO task=768 mode=with_mcp pass=True reason=pass latency=11.89s
2026-04-22 16:28:32,548 INFO task=78 mode=with_mcp pass=False reason=assertion_error latency=11.22s
2026-04-22 16:28:35,352 INFO task=470 mode=with_mcp pass=False reason=runtime_error latency=11.01s
2026-04-22 16:28:39,392 INFO task=715 mode=with_mcp pass=True reason=pass latency=11.62s
2026-04-22 16:28:42,766 INFO task=839 mode=with_mcp pass=True reason=pass latency=12.71s
2026-04-22 16:28:46,438 INFO task=130 mode=with_mcp pass=True reason=pass latency=13.89s
2026-04-22 16:28:49,240 INFO task=412 mode=with_mcp pass=True reason=pass latency=13.88s
2026-04-22 16:28:52,150 INFO task=354 mode=with_mcp pass=False reason=assertion_error latency=12.74s
2026-04-22 16:28:55,503 INFO task=318 mode=with_mcp pass=False reason=assertion_error latency=12.73s
2026-04-22 16:28:59,087 INFO task=189 mode=with_mcp pass=True reason=pass latency=12.65s
2026-04-22 16:29:09,967 INFO task=516 mode=with_mcp pass=False reason=assertion_error latency=20.73s
2026-04-22 16:29:13,514 INFO task=20 mode=with_mcp pass=False reason=assertion_error latency=21.37s
2026-04-22 16:29:17,042 INFO task=261 mode=with_mcp pass=True reason=pass latency=21.53s
2026-04-22 16:29:25,245 INFO task=916 mode=with_mcp pass=False reason=assertion_error latency=26.15s
2026-04-22 16:29:29,127 INFO task=773 mode=with_mcp pass=False reason=assertion_error latency=19.16s
2026-04-22 16:29:31,979 INFO task=65 mode=with_mcp pass=False reason=runtime_error latency=18.48s
2026-04-22 16:29:35,979 INFO task=483 mode=with_mcp pass=False reason=name_error latency=18.94s
2026-04-22 16:29:35,980 INFO mode=with_mcp progress 150/974
2026-04-22 16:29:38,471 INFO task=718 mode=with_mcp pass=True reason=pass latency=13.23s
2026-04-22 16:29:43,415 INFO task=840 mode=with_mcp pass=False reason=assertion_error latency=14.27s
2026-04-22 16:29:46,532 INFO task=120 mode=with_mcp pass=True reason=pass latency=14.54s
2026-04-22 16:29:49,044 INFO task=424 mode=with_mcp pass=True reason=pass latency=13.08s
2026-04-22 16:29:51,722 INFO task=357 mode=with_mcp pass=True reason=pass latency=13.27s
2026-04-22 16:29:56,343 INFO task=323 mode=with_mcp pass=False reason=assertion_error latency=12.95s
2026-04-22 16:29:59,867 INFO task=201 mode=with_mcp pass=True reason=pass latency=13.33s
2026-04-22 16:30:04,388 INFO task=520 mode=with_mcp pass=True reason=pass latency=15.32s
2026-04-22 16:30:10,476 INFO task=974 mode=with_mcp pass=True reason=pass latency=18.75s
2026-04-22 16:30:16,232 INFO task=260 mode=with_mcp pass=False reason=assertion_error latency=19.89s
2026-04-22 16:30:18,872 INFO task=610 mode=with_mcp pass=False reason=assertion_error latency=19.00s
2026-04-22 16:30:21,959 INFO task=912 mode=with_mcp pass=False reason=assertion_error latency=17.58s
2026-04-22 16:30:25,020 INFO task=760 mode=with_mcp pass=False reason=runtime_error latency=14.54s
2026-04-22 16:30:28,373 INFO task=70 mode=with_mcp pass=False reason=assertion_error latency=12.14s
2026-04-22 16:30:31,686 INFO task=489 mode=with_mcp pass=True reason=pass latency=12.82s
2026-04-22 16:30:45,834 INFO task=721 mode=with_mcp pass=False reason=assertion_error latency=23.87s
2026-04-22 16:30:49,057 INFO task=830 mode=with_mcp pass=False reason=assertion_error latency=24.03s
2026-04-22 16:30:57,436 INFO task=131 mode=with_mcp pass=True reason=pass latency=29.07s
2026-04-22 16:31:01,255 INFO task=425 mode=with_mcp pass=True reason=pass latency=29.54s
2026-04-22 16:31:04,384 INFO task=151 mode=with_mcp pass=False reason=name_error latency=18.55s
2026-04-22 16:31:07,820 INFO task=356 mode=with_mcp pass=True reason=pass latency=18.77s
2026-04-22 16:31:10,228 INFO task=326 mode=with_mcp pass=False reason=runtime_error latency=12.79s
2026-04-22 16:31:17,393 INFO task=183 mode=with_mcp pass=False reason=runtime_error latency=16.17s
2026-04-22 16:31:20,447 INFO task=533 mode=with_mcp pass=False reason=assertion_error latency=16.07s
2026-04-22 16:31:23,473 INFO task=968 mode=with_mcp pass=False reason=assertion_error latency=15.64s
2026-04-22 16:31:23,474 INFO mode=with_mcp progress 175/974
2026-04-22 16:31:27,325 INFO task=262 mode=with_mcp pass=True reason=pass latency=17.10s
2026-04-22 16:31:32,836 INFO task=601 mode=with_mcp pass=False reason=name_error latency=15.44s
2026-04-22 16:31:35,969 INFO task=929 mode=with_mcp pass=True reason=pass latency=15.52s
2026-04-22 16:31:49,686 INFO task=783 mode=with_mcp pass=False reason=assertion_error latency=26.24s
2026-04-22 16:31:52,670 INFO task=58 mode=with_mcp pass=True reason=pass latency=25.31s
2026-04-22 16:31:55,370 INFO task=490 mode=with_mcp pass=False reason=assertion_error latency=22.49s
2026-04-22 16:31:58,227 INFO task=707 mode=with_mcp pass=False reason=assertion_error latency=22.25s
2026-04-22 16:32:05,204 INFO task=843 mode=with_mcp pass=False reason=runtime_error latency=15.50s
2026-04-22 16:32:08,482 INFO task=119 mode=with_mcp pass=False reason=assertion_error latency=15.83s
2026-04-22 16:32:14,220 INFO task=428 mode=with_mcp pass=False reason=assertion_error latency=18.90s
2026-04-22 16:32:16,647 INFO task=154 mode=with_mcp pass=True reason=pass latency=18.42s
2026-04-22 16:32:19,316 INFO task=360 mode=with_mcp pass=False reason=assertion_error latency=14.12s
2026-04-22 16:32:21,767 INFO task=328 mode=with_mcp pass=False reason=assertion_error latency=13.30s
2026-04-22 16:32:26,421 INFO task=647 mode=with_mcp pass=False reason=assertion_error latency=12.20s
2026-04-22 16:32:31,046 INFO task=541 mode=with_mcp pass=True reason=pass latency=14.39s
2026-04-22 16:32:34,139 INFO task=21 mode=with_mcp pass=False reason=assertion_error latency=14.83s
2026-04-22 16:32:36,508 INFO task=250 mode=with_mcp pass=True reason=pass latency=14.73s
2026-04-22 16:32:40,640 INFO task=603 mode=with_mcp pass=False reason=assertion_error latency=14.21s
2026-04-22 16:32:43,291 INFO task=924 mode=with_mcp pass=True reason=pass latency=12.19s
2026-04-22 16:32:45,302 INFO task=761 mode=with_mcp pass=False reason=assertion_error latency=11.17s
2026-04-22 16:32:48,264 INFO task=72 mode=with_mcp pass=False reason=assertion_error latency=11.72s
2026-04-22 16:32:51,371 INFO task=491 mode=with_mcp pass=True reason=pass latency=10.73s
2026-04-22 16:32:55,702 INFO task=722 mode=with_mcp pass=False reason=assertion_error latency=12.48s
2026-04-22 16:32:58,333 INFO task=845 mode=with_mcp pass=False reason=name_error latency=13.04s
2026-04-22 16:33:04,871 INFO task=125 mode=with_mcp pass=False reason=assertion_error latency=16.65s
2026-04-22 16:33:04,871 INFO mode=with_mcp progress 200/974
2026-04-22 16:33:08,422 INFO task=411 mode=with_mcp pass=False reason=assertion_error latency=17.03s
2026-04-22 16:33:11,121 INFO task=157 mode=with_mcp pass=False reason=name_error latency=15.41s
2026-04-22 16:33:15,402 INFO task=364 mode=with_mcp pass=False reason=assertion_error latency=17.04s
2026-04-22 16:33:23,190 INFO task=316 mode=with_mcp pass=True reason=pass latency=18.29s
2026-04-22 16:33:34,223 INFO task=522 mode=with_mcp pass=False reason=name_error latency=25.80s
2026-04-22 16:33:36,600 INFO task=19 mode=with_mcp pass=True reason=pass latency=25.50s
2026-04-22 16:34:32,093 INFO task=265 mode=with_mcp pass=True reason=pass latency=76.70s
2026-04-22 16:37:15,391 INFO task=913 mode=with_mcp pass=True reason=pass latency=232.22s
2026-04-22 16:37:26,194 INFO task=774 mode=with_mcp pass=True reason=pass latency=231.99s
2026-04-22 16:37:28,897 INFO task=79 mode=with_mcp pass=True reason=pass latency=232.29s
2026-04-22 16:37:34,124 INFO task=480 mode=with_mcp pass=True reason=pass latency=182.05s
2026-04-22 16:37:37,259 INFO task=706 mode=with_mcp pass=True reason=pass latency=21.88s
2026-04-22 16:37:40,407 INFO task=176 mode=with_mcp pass=True reason=pass latency=14.20s
2026-04-22 16:37:45,281 INFO task=841 mode=with_mcp pass=True reason=pass latency=16.39s
2026-04-22 16:37:49,178 INFO task=133 mode=with_mcp pass=True reason=pass latency=15.05s
2026-04-22 16:37:52,923 INFO task=416 mode=with_mcp pass=False reason=assertion_error latency=15.65s
2026-04-22 16:37:56,150 INFO task=349 mode=with_mcp pass=True reason=pass latency=15.76s
2026-04-22 16:37:59,605 INFO task=322 mode=with_mcp pass=True reason=pass latency=14.32s
2026-04-22 16:38:05,839 INFO task=181 mode=with_mcp pass=True reason=pass latency=16.66s
2026-04-22 16:38:09,702 INFO task=530 mode=with_mcp pass=False reason=assertion_error latency=16.78s
2026-04-22 16:38:16,607 INFO task=22 mode=with_mcp pass=False reason=assertion_error latency=20.45s
2026-04-22 16:38:19,253 INFO task=252 mode=with_mcp pass=True reason=pass latency=19.64s
2026-04-22 16:38:22,751 INFO task=606 mode=with_mcp pass=True reason=pass latency=16.91s
2026-04-22 16:38:26,200 INFO task=926 mode=with_mcp pass=False reason=assertion_error latency=16.51s
2026-04-22 16:38:28,911 INFO task=487 mode=with_mcp pass=True reason=pass latency=12.30s
2026-04-22 16:38:28,912 INFO mode=with_mcp progress 225/974
2026-04-22 16:38:32,113 INFO task=723 mode=with_mcp pass=True reason=pass latency=12.87s
2026-04-22 16:38:37,255 INFO task=846 mode=with_mcp pass=False reason=assertion_error latency=14.50s
2026-04-22 16:38:41,415 INFO task=113 mode=with_mcp pass=True reason=pass latency=15.16s
2026-04-22 16:38:45,435 INFO task=433 mode=with_mcp pass=False reason=assertion_error latency=16.51s
2026-04-22 16:38:48,966 INFO task=810 mode=with_mcp pass=False reason=assertion_error latency=16.81s
2026-04-22 16:38:52,398 INFO task=109 mode=with_mcp pass=False reason=assertion_error latency=15.13s
2026-04-22 16:38:55,417 INFO task=366 mode=with_mcp pass=True reason=pass latency=14.06s
2026-04-22 16:39:01,486 INFO task=325 mode=with_mcp pass=True reason=pass latency=16.06s
2026-04-22 16:39:08,807 INFO task=180 mode=with_mcp pass=False reason=assertion_error latency=19.87s
2026-04-22 16:39:11,267 INFO task=538 mode=with_mcp pass=False reason=assertion_error latency=18.88s
2026-04-22 16:39:14,313 INFO task=23 mode=with_mcp pass=True reason=pass latency=18.89s
2026-04-22 16:39:17,053 INFO task=266 mode=with_mcp pass=True reason=pass latency=15.58s
2026-04-22 16:39:20,836 INFO task=615 mode=with_mcp pass=False reason=name_error latency=12.00s
2026-04-22 16:39:23,433 INFO task=921 mode=with_mcp pass=True reason=pass latency=12.19s
2026-04-22 16:39:29,531 INFO task=492 mode=with_mcp pass=True reason=pass latency=15.21s
2026-04-22 16:39:32,703 INFO task=724 mode=with_mcp pass=True reason=pass latency=15.66s
2026-04-22 16:39:34,895 INFO task=847 mode=with_mcp pass=True reason=pass latency=14.11s
2026-04-22 16:39:39,384 INFO task=134 mode=with_mcp pass=False reason=runtime_error latency=15.95s
2026-04-22 16:39:48,533 INFO task=434 mode=with_mcp pass=False reason=assertion_error latency=19.00s
2026-04-22 16:39:52,279 INFO task=144 mode=with_mcp pass=False reason=assertion_error latency=19.54s
2026-04-22 16:39:55,433 INFO task=811 mode=with_mcp pass=True reason=pass latency=20.52s
2026-04-22 16:39:59,973 INFO task=111 mode=with_mcp pass=True reason=pass latency=20.57s
2026-04-22 16:40:04,010 INFO task=358 mode=with_mcp pass=True reason=pass latency=15.49s
2026-04-22 16:40:06,772 INFO task=327 mode=with_mcp pass=True reason=pass latency=14.51s
2026-04-22 16:40:16,803 INFO task=182 mode=with_mcp pass=False reason=assertion_error latency=21.37s
2026-04-22 16:40:16,803 INFO mode=with_mcp progress 250/974
2026-04-22 16:40:20,800 INFO task=532 mode=with_mcp pass=True reason=pass latency=20.83s
2026-04-22 16:40:24,391 INFO task=270 mode=with_mcp pass=True reason=pass latency=20.37s
2026-04-22 16:40:29,257 INFO task=618 mode=with_mcp pass=True reason=pass latency=22.47s
2026-04-22 16:40:36,323 INFO task=930 mode=with_mcp pass=False reason=assertion_error latency=19.51s
2026-04-22 16:40:41,887 INFO task=486 mode=with_mcp pass=True reason=pass latency=21.08s
2026-04-22 16:40:44,581 INFO task=710 mode=with_mcp pass=True reason=pass latency=20.19s
2026-04-22 16:40:57,047 INFO task=175 mode=with_mcp pass=False reason=name_error latency=27.80s
2026-04-22 16:41:01,525 INFO task=869 mode=with_mcp pass=False reason=assertion_error latency=25.23s
2026-04-22 16:41:05,320 INFO task=844 mode=with_mcp pass=False reason=assertion_error latency=23.44s
2026-04-22 16:41:08,944 INFO task=132 mode=with_mcp pass=True reason=pass latency=24.36s
2026-04-22 16:41:12,615 INFO task=404 mode=with_mcp pass=True reason=pass latency=15.57s
2026-04-22 16:41:16,791 INFO task=848 mode=with_mcp pass=True reason=pass latency=15.26s
2026-04-22 16:41:19,898 INFO task=795 mode=with_mcp pass=True reason=pass latency=14.53s
2026-04-22 16:41:22,907 INFO task=80 mode=with_mcp pass=False reason=assertion_error latency=13.96s
2026-04-22 16:41:29,988 INFO task=367 mode=with_mcp pass=False reason=name_error latency=17.37s
2026-04-22 16:41:33,305 INFO task=329 mode=with_mcp pass=True reason=pass latency=16.49s
2026-04-22 16:41:36,170 INFO task=645 mode=with_mcp pass=False reason=assertion_error latency=16.31s
2026-04-22 16:41:40,818 INFO task=544 mode=with_mcp pass=False reason=assertion_error latency=17.90s
2026-04-22 16:41:44,372 INFO task=259 mode=with_mcp pass=False reason=assertion_error latency=14.38s
2026-04-22 16:41:51,518 INFO task=622 mode=with_mcp pass=False reason=assertion_error latency=18.23s
2026-04-22 16:41:56,823 INFO task=920 mode=with_mcp pass=False reason=assertion_error latency=20.67s
2026-04-22 16:42:00,285 INFO task=484 mode=with_mcp pass=True reason=pass latency=19.49s
2026-04-22 16:42:05,333 INFO task=719 mode=with_mcp pass=False reason=assertion_error latency=20.97s
2026-04-22 16:42:12,215 INFO task=874 mode=with_mcp pass=False reason=assertion_error latency=20.69s
2026-04-22 16:42:21,295 INFO task=842 mode=with_mcp pass=True reason=pass latency=24.43s
2026-04-22 16:42:21,295 INFO mode=with_mcp progress 275/974
2026-04-22 16:42:24,284 INFO task=124 mode=with_mcp pass=False reason=assertion_error latency=23.99s
2026-04-22 16:42:30,221 INFO task=408 mode=with_mcp pass=False reason=assertion_error latency=24.87s
2026-04-22 16:42:43,568 INFO task=849 mode=with_mcp pass=False reason=name_error latency=31.34s
2026-04-22 16:42:48,962 INFO task=784 mode=with_mcp pass=False reason=assertion_error latency=27.70s
2026-04-22 16:42:52,620 INFO task=105 mode=with_mcp pass=True reason=pass latency=28.34s
2026-04-22 16:42:55,038 INFO task=353 mode=with_mcp pass=False reason=assertion_error latency=24.84s
2026-04-22 16:43:01,372 INFO task=330 mode=with_mcp pass=True reason=pass latency=17.82s
2026-04-22 16:43:04,689 INFO task=649 mode=with_mcp pass=True reason=pass latency=15.72s
2026-04-22 16:43:08,764 INFO task=576 mode=with_mcp pass=False reason=assertion_error latency=16.12s
2026-04-22 16:43:12,555 INFO task=271 mode=with_mcp pass=True reason=pass latency=17.50s
2026-04-22 16:43:15,942 INFO task=623 mode=with_mcp pass=True reason=pass latency=14.57s
2026-04-22 16:43:18,831 INFO task=931 mode=with_mcp pass=False reason=assertion_error latency=14.12s
2026-04-22 16:43:22,096 INFO task=475 mode=with_mcp pass=True reason=pass latency=13.38s
2026-04-22 16:43:24,689 INFO task=725 mode=with_mcp pass=True reason=pass latency=12.14s
2026-04-22 16:43:26,916 INFO task=877 mode=with_mcp pass=True reason=pass latency=10.98s
2026-04-22 16:43:32,075 INFO task=758 mode=with_mcp pass=False reason=runtime_error latency=13.26s
2026-04-22 16:43:35,411 INFO task=30 mode=with_mcp pass=False reason=assertion_error latency=13.28s
2026-04-22 16:43:37,535 INFO task=421 mode=with_mcp pass=False reason=assertion_error latency=12.84s
2026-04-22 16:43:40,644 INFO task=146 mode=with_mcp pass=False reason=assertion_error latency=13.69s
2026-04-22 16:43:43,566 INFO task=785 mode=with_mcp pass=True reason=pass latency=11.51s
2026-04-22 16:43:47,213 INFO task=81 mode=with_mcp pass=False reason=assertion_error latency=11.82s
2026-04-22 16:43:50,085 INFO task=355 mode=with_mcp pass=False reason=assertion_error latency=12.55s
2026-04-22 16:43:52,571 INFO task=331 mode=with_mcp pass=False reason=assertion_error latency=11.98s
2026-04-22 16:43:56,858 INFO task=184 mode=with_mcp pass=True reason=pass latency=13.28s
2026-04-22 16:44:00,785 INFO task=578 mode=with_mcp pass=True reason=pass latency=13.58s
2026-04-22 16:44:00,785 INFO mode=with_mcp progress 300/974
2026-04-22 16:44:03,303 INFO task=272 mode=with_mcp pass=True reason=pass latency=13.24s
2026-04-22 16:44:05,948 INFO task=617 mode=with_mcp pass=False reason=assertion_error latency=13.36s
2026-04-22 16:44:08,660 INFO task=919 mode=with_mcp pass=False reason=name_error latency=11.80s
2026-04-22 16:44:27,339 INFO task=493 mode=with_mcp pass=False reason=name_error latency=26.53s
2026-04-22 16:44:30,827 INFO task=726 mode=with_mcp pass=True reason=pass latency=27.51s
2026-04-22 16:44:33,623 INFO task=897 mode=with_mcp pass=True reason=pass latency=27.66s
2026-04-22 16:44:36,641 INFO task=736 mode=with_mcp pass=True reason=pass latency=27.97s
2026-04-22 16:44:42,593 INFO task=54 mode=with_mcp pass=True reason=pass latency=15.28s
2026-04-22 16:44:45,255 INFO task=429 mode=with_mcp pass=True reason=pass latency=14.43s
2026-04-22 16:44:49,560 INFO task=153 mode=with_mcp pass=True reason=pass latency=15.95s
2026-04-22 16:44:52,050 INFO task=792 mode=with_mcp pass=True reason=pass latency=15.40s
2026-04-22 16:44:54,827 INFO task=94 mode=with_mcp pass=True reason=pass latency=12.19s
2026-04-22 16:44:57,720 INFO task=368 mode=with_mcp pass=True reason=pass latency=12.45s
2026-04-22 16:44:59,231 INFO task=317 mode=with_mcp pass=False reason=assertion_error latency=9.65s
2026-04-22 16:45:05,644 INFO task=556 mode=with_mcp pass=True reason=pass latency=13.59s
2026-04-22 16:45:10,255 INFO task=267 mode=with_mcp pass=True reason=pass latency=15.46s
2026-04-22 16:45:14,514 INFO task=9 mode=with_mcp pass=False reason=assertion_error latency=16.79s
2026-04-22 16:45:20,103 INFO task=961 mode=with_mcp pass=False reason=assertion_error latency=20.88s
2026-04-22 16:45:23,572 INFO task=473 mode=with_mcp pass=False reason=assertion_error latency=17.93s
2026-04-22 16:45:28,782 INFO task=727 mode=with_mcp pass=True reason=pass latency=18.53s
2026-04-22 16:45:34,231 INFO task=870 mode=with_mcp pass=True reason=pass latency=19.72s
2026-04-22 16:45:40,574 INFO task=730 mode=with_mcp pass=True reason=pass latency=20.47s
2026-04-22 16:45:43,826 INFO task=56 mode=with_mcp pass=False reason=assertion_error latency=20.26s
2026-04-22 16:45:46,412 INFO task=410 mode=with_mcp pass=False reason=runtime_error latency=17.53s
2026-04-22 16:45:50,307 INFO task=850 mode=with_mcp pass=False reason=name_error latency=16.07s
2026-04-22 16:45:50,307 INFO mode=with_mcp progress 325/974
2026-04-22 16:45:54,285 INFO task=801 mode=with_mcp pass=False reason=assertion_error latency=13.71s
2026-04-22 16:46:00,621 INFO task=90 mode=with_mcp pass=True reason=pass latency=16.80s
2026-04-22 16:46:04,766 INFO task=362 mode=with_mcp pass=False reason=assertion_error latency=18.42s
2026-04-22 16:46:08,443 INFO task=321 mode=with_mcp pass=False reason=assertion_error latency=18.11s
2026-04-22 16:46:13,681 INFO task=648 mode=with_mcp pass=False reason=assertion_error latency=19.39s
2026-04-22 16:46:16,713 INFO task=579 mode=with_mcp pass=True reason=pass latency=16.10s
2026-04-22 16:46:19,299 INFO task=269 mode=with_mcp pass=True reason=pass latency=14.56s
2026-04-22 16:46:24,649 INFO task=471 mode=with_mcp pass=False reason=runtime_error latency=16.25s
2026-04-22 16:46:26,257 INFO task=588 mode=with_mcp pass=True reason=pass latency=12.59s
2026-04-22 16:46:31,555 INFO task=607 mode=with_mcp pass=True reason=pass latency=14.82s
2026-04-22 16:46:35,329 INFO task=963 mode=with_mcp pass=False reason=assertion_error latency=16.01s
2026-04-22 16:46:38,735 INFO task=494 mode=with_mcp pass=False reason=assertion_error latency=14.08s
2026-04-22 16:46:43,312 INFO task=705 mode=with_mcp pass=True reason=pass latency=17.05s
2026-04-22 16:46:46,710 INFO task=891 mode=with_mcp pass=True reason=pass latency=15.17s
2026-04-22 16:46:59,082 INFO task=733 mode=with_mcp pass=True reason=pass latency=23.76s
2026-04-22 16:47:02,546 INFO task=33 mode=with_mcp pass=False reason=name_error latency=23.76s
2026-04-22 16:47:05,478 INFO task=418 mode=with_mcp pass=True reason=pass latency=22.15s
2026-04-22 16:47:12,761 INFO task=148 mode=with_mcp pass=False reason=assertion_error latency=26.07s
2026-04-22 16:47:18,180 INFO task=802 mode=with_mcp pass=True reason=pass latency=19.11s
2026-04-22 16:47:21,754 INFO task=91 mode=with_mcp pass=False reason=assertion_error latency=19.26s
2026-04-22 16:47:26,909 INFO task=370 mode=with_mcp pass=False reason=assertion_error latency=21.45s
2026-04-22 16:47:31,213 INFO task=319 mode=with_mcp pass=True reason=pass latency=18.43s
2026-04-22 16:47:35,004 INFO task=650 mode=with_mcp pass=False reason=assertion_error latency=16.84s
2026-04-22 16:47:38,426 INFO task=551 mode=with_mcp pass=True reason=pass latency=16.65s
2026-04-22 16:47:43,446 INFO task=268 mode=with_mcp pass=False reason=assertion_error latency=16.49s
2026-04-22 16:47:43,446 INFO mode=with_mcp progress 350/974
2026-04-22 16:47:48,142 INFO task=589 mode=with_mcp pass=False reason=assertion_error latency=16.91s
2026-04-22 16:47:50,904 INFO task=937 mode=with_mcp pass=True reason=pass latency=15.87s
2026-04-22 16:47:53,869 INFO task=495 mode=with_mcp pass=True reason=pass latency=15.36s
2026-04-22 16:48:00,685 INFO task=880 mode=with_mcp pass=False reason=assertion_error latency=17.18s
2026-04-22 16:48:08,517 INFO task=737 mode=with_mcp pass=True reason=pass latency=20.39s
2026-04-22 16:48:13,399 INFO task=25 mode=with_mcp pass=True reason=pass latency=22.43s
2026-04-22 16:48:17,449 INFO task=426 mode=with_mcp pass=True reason=pass latency=23.63s
2026-04-22 16:48:22,770 INFO task=214 mode=with_mcp pass=False reason=assertion_error latency=22.16s
2026-04-22 16:48:32,870 INFO task=152 mode=with_mcp pass=True reason=pass latency=24.35s
2026-04-22 16:48:35,751 INFO task=804 mode=with_mcp pass=False reason=assertion_error latency=22.43s
2026-04-22 16:48:38,950 INFO task=87 mode=with_mcp pass=False reason=assertion_error latency=21.55s
2026-04-22 16:48:42,715 INFO task=372 mode=with_mcp pass=True reason=pass latency=19.97s
2026-04-22 16:48:45,926 INFO task=332 mode=with_mcp pass=True reason=pass latency=13.08s
2026-04-22 16:48:48,482 INFO task=651 mode=with_mcp pass=False reason=assertion_error latency=12.74s
2026-04-22 16:48:52,137 INFO task=570 mode=with_mcp pass=False reason=assertion_error latency=13.19s
2026-04-22 16:48:55,262 INFO task=273 mode=with_mcp pass=True reason=pass latency=12.52s
2026-04-22 16:48:59,485 INFO task=612 mode=with_mcp pass=False reason=assertion_error latency=13.54s
2026-04-22 16:49:01,837 INFO task=942 mode=with_mcp pass=False reason=assertion_error latency=13.30s
2026-04-22 16:49:07,395 INFO task=496 mode=with_mcp pass=True reason=pass latency=15.19s
2026-04-22 16:49:10,644 INFO task=885 mode=with_mcp pass=False reason=name_error latency=15.39s
2026-04-22 16:49:14,282 INFO task=731 mode=with_mcp pass=False reason=assertion_error latency=14.80s
2026-04-22 16:49:16,680 INFO task=41 mode=with_mcp pass=True reason=pass latency=14.90s
2026-04-22 16:49:19,649 INFO task=420 mode=with_mcp pass=False reason=assertion_error latency=12.31s
2026-04-22 16:49:22,653 INFO task=697 mode=with_mcp pass=True reason=pass latency=12.03s
2026-04-22 16:49:25,155 INFO task=155 mode=with_mcp pass=False reason=assertion_error latency=10.87s
2026-04-22 16:49:25,155 INFO mode=with_mcp progress 375/974
2026-04-22 16:49:28,636 INFO task=805 mode=with_mcp pass=True reason=pass latency=11.96s
2026-04-22 16:49:31,915 INFO task=92 mode=with_mcp pass=False reason=assertion_error latency=12.26s
2026-04-22 16:49:36,004 INFO task=399 mode=with_mcp pass=True reason=pass latency=13.33s
2026-04-22 16:49:39,888 INFO task=335 mode=with_mcp pass=True reason=pass latency=14.73s
2026-04-22 16:49:44,900 INFO task=178 mode=with_mcp pass=True reason=pass latency=16.25s
2026-04-22 16:49:48,007 INFO task=555 mode=with_mcp pass=False reason=assertion_error latency=16.06s
2026-04-22 16:49:51,235 INFO task=276 mode=with_mcp pass=False reason=assertion_error latency=15.25s
2026-04-22 16:49:54,899 INFO task=590 mode=with_mcp pass=False reason=assertion_error latency=14.99s
2026-04-22 16:49:57,704 INFO task=946 mode=with_mcp pass=True reason=pass latency=12.81s
2026-04-22 16:50:00,903 INFO task=497 mode=with_mcp pass=False reason=assertion_error latency=12.92s
2026-04-22 16:50:02,987 INFO task=872 mode=with_mcp pass=True reason=pass latency=11.71s
2026-04-22 16:50:05,735 INFO task=738 mode=with_mcp pass=False reason=assertion_error latency=10.86s
2026-04-22 16:50:14,518 INFO task=34 mode=with_mcp pass=False reason=runtime_error latency=16.83s
2026-04-22 16:50:17,798 INFO task=432 mode=with_mcp pass=False reason=assertion_error latency=16.89s
2026-04-22 16:50:21,103 INFO task=693 mode=with_mcp pass=True reason=pass latency=18.14s
2026-04-22 16:50:24,476 INFO task=158 mode=with_mcp pass=False reason=assertion_error latency=18.76s
2026-04-22 16:50:27,327 INFO task=796 mode=with_mcp pass=True reason=pass latency=12.76s
2026-04-22 16:50:30,455 INFO task=85 mode=with_mcp pass=True reason=pass latency=12.69s
2026-04-22 16:50:36,088 INFO task=376 mode=with_mcp pass=True reason=pass latency=15.00s
2026-04-22 16:50:39,698 INFO task=337 mode=with_mcp pass=False reason=assertion_error latency=15.20s
2026-04-22 16:50:46,806 INFO task=550 mode=with_mcp pass=False reason=runtime_error latency=19.52s
2026-04-22 16:50:50,752 INFO task=277 mode=with_mcp pass=False reason=assertion_error latency=20.30s
2026-04-22 16:50:54,539 INFO task=4 mode=with_mcp pass=True reason=pass latency=18.45s
2026-04-22 16:51:01,399 INFO task=620 mode=with_mcp pass=False reason=assertion_error latency=21.71s
2026-04-22 16:51:18,192 INFO task=938 mode=with_mcp pass=False reason=assertion_error latency=31.40s
2026-04-22 16:51:18,192 INFO mode=with_mcp progress 400/974
2026-04-22 16:55:11,217 INFO task=45 mode=with_mcp pass=False reason=name_error latency=232.99s
2026-04-22 16:55:24,032 INFO task=469 mode=with_mcp pass=False reason=assertion_error latency=273.26s
2026-04-22 16:55:28,499 INFO task=879 mode=with_mcp pass=False reason=assertion_error latency=273.95s
2026-04-22 16:55:42,985 INFO task=747 mode=with_mcp pass=True reason=pass latency=281.59s
2026-04-22 16:55:49,863 INFO task=464 mode=with_mcp pass=True reason=pass latency=38.68s
2026-04-22 16:55:54,624 INFO task=701 mode=with_mcp pass=False reason=assertion_error latency=30.61s
2026-04-22 16:56:00,401 INFO task=159 mode=with_mcp pass=True reason=pass latency=31.91s
2026-04-22 16:56:04,336 INFO task=806 mode=with_mcp pass=False reason=assertion_error latency=21.36s
2026-04-22 16:56:07,656 INFO task=93 mode=with_mcp pass=True reason=pass latency=17.79s
2026-04-22 16:56:11,226 INFO task=377 mode=with_mcp pass=True reason=pass latency=16.57s
2026-04-22 16:56:15,612 INFO task=333 mode=with_mcp pass=True reason=pass latency=15.19s
2026-04-22 16:56:19,418 INFO task=655 mode=with_mcp pass=True reason=pass latency=15.04s
2026-04-22 16:56:22,209 INFO task=557 mode=with_mcp pass=True reason=pass latency=14.52s
2026-04-22 16:56:24,466 INFO task=278 mode=with_mcp pass=False reason=assertion_error latency=13.27s
2026-04-22 16:56:30,224 INFO task=583 mode=with_mcp pass=False reason=assertion_error latency=14.62s
2026-04-22 16:56:35,711 INFO task=613 mode=with_mcp pass=False reason=assertion_error latency=16.32s
2026-04-22 16:56:39,651 INFO task=933 mode=with_mcp pass=True reason=pass latency=17.44s
2026-04-22 16:56:45,103 INFO task=482 mode=with_mcp pass=False reason=assertion_error latency=20.63s
2026-04-22 16:56:48,578 INFO task=174 mode=with_mcp pass=False reason=name_error latency=18.35s
2026-04-22 16:56:58,670 INFO task=881 mode=with_mcp pass=False reason=assertion_error latency=22.89s
2026-04-22 16:57:02,408 INFO task=735 mode=with_mcp pass=False reason=assertion_error latency=22.79s
2026-04-22 16:57:06,430 INFO task=26 mode=with_mcp pass=False reason=assertion_error latency=21.34s
2026-04-22 16:57:14,108 INFO task=466 mode=with_mcp pass=False reason=assertion_error latency=25.48s
2026-04-22 16:57:17,369 INFO task=686 mode=with_mcp pass=False reason=assertion_error latency=18.72s
2026-04-22 16:57:29,297 INFO task=141 mode=with_mcp pass=False reason=assertion_error latency=26.89s
2026-04-22 16:57:29,297 INFO mode=with_mcp progress 425/974
2026-04-22 16:57:31,579 INFO task=798 mode=with_mcp pass=True reason=pass latency=25.14s
2026-04-22 16:57:34,848 INFO task=95 mode=with_mcp pass=True reason=pass latency=20.79s
2026-04-22 16:57:36,794 INFO task=384 mode=with_mcp pass=True reason=pass latency=19.46s
2026-04-22 16:57:41,189 INFO task=338 mode=with_mcp pass=False reason=assertion_error latency=11.87s
2026-04-22 16:57:44,135 INFO task=657 mode=with_mcp pass=False reason=name_error latency=12.56s
2026-04-22 16:57:48,742 INFO task=564 mode=with_mcp pass=True reason=pass latency=13.88s
2026-04-22 16:57:54,184 INFO task=274 mode=with_mcp pass=False reason=name_error latency=17.38s
2026-04-22 16:57:58,586 INFO task=599 mode=with_mcp pass=False reason=assertion_error latency=17.41s
2026-04-22 16:58:03,170 INFO task=616 mode=with_mcp pass=True reason=pass latency=19.01s
2026-04-22 16:58:07,463 INFO task=941 mode=with_mcp pass=True reason=pass latency=18.73s
2026-04-22 16:58:16,724 INFO task=481 mode=with_mcp pass=True reason=pass latency=22.54s
2026-04-22 16:58:22,424 INFO task=867 mode=with_mcp pass=False reason=assertion_error latency=23.82s
2026-04-22 16:58:27,900 INFO task=888 mode=with_mcp pass=True reason=pass latency=24.75s
2026-04-22 16:58:32,775 INFO task=744 mode=with_mcp pass=True reason=pass latency=25.32s
2026-04-22 16:58:35,922 INFO task=37 mode=with_mcp pass=False reason=runtime_error latency=19.16s
2026-04-22 16:58:39,849 INFO task=444 mode=with_mcp pass=False reason=assertion_error latency=17.45s
2026-04-22 16:58:48,097 INFO task=215 mode=with_mcp pass=False reason=runtime_error latency=20.19s
2026-04-22 16:58:51,112 INFO task=142 mode=with_mcp pass=False reason=assertion_error latency=18.32s
2026-04-22 16:58:56,732 INFO task=809 mode=with_mcp pass=False reason=assertion_error latency=20.87s
2026-04-22 16:59:00,712 INFO task=97 mode=with_mcp pass=False reason=name_error latency=20.86s
2026-04-22 16:59:04,137 INFO task=381 mode=with_mcp pass=True reason=pass latency=16.02s
2026-04-22 16:59:08,598 INFO task=339 mode=with_mcp pass=False reason=assertion_error latency=17.50s
2026-04-22 16:59:13,186 INFO task=191 mode=with_mcp pass=True reason=pass latency=16.43s
2026-04-22 16:59:18,961 INFO task=561 mode=with_mcp pass=False reason=assertion_error latency=18.24s
2026-04-22 16:59:26,919 INFO task=275 mode=with_mcp pass=False reason=assertion_error latency=22.81s
2026-04-22 16:59:26,919 INFO mode=with_mcp progress 450/974
2026-04-22 16:59:30,826 INFO task=587 mode=with_mcp pass=True reason=pass latency=22.24s
2026-04-22 16:59:36,384 INFO task=605 mode=with_mcp pass=True reason=pass latency=23.20s
2026-04-22 16:59:39,185 INFO task=945 mode=with_mcp pass=True reason=pass latency=20.23s
2026-04-22 16:59:42,093 INFO task=499 mode=with_mcp pass=True reason=pass latency=15.17s
2026-04-22 16:59:49,819 INFO task=910 mode=with_mcp pass=False reason=assertion_error latency=18.99s
2026-04-22 16:59:54,190 INFO task=728 mode=with_mcp pass=True reason=pass latency=17.82s
2026-04-22 16:59:57,520 INFO task=40 mode=with_mcp pass=True reason=pass latency=18.32s
2026-04-22 17:00:01,255 INFO task=467 mode=with_mcp pass=False reason=assertion_error latency=19.15s
2026-04-22 17:00:04,777 INFO task=676 mode=with_mcp pass=True reason=pass latency=14.95s
2026-04-22 17:00:10,342 INFO task=160 mode=with_mcp pass=False reason=assertion_error latency=16.16s
2026-04-22 17:00:14,712 INFO task=797 mode=with_mcp pass=True reason=pass latency=17.18s
2026-04-22 17:00:18,834 INFO task=98 mode=with_mcp pass=False reason=name_error latency=17.58s
2026-04-22 17:00:22,268 INFO task=393 mode=with_mcp pass=True reason=pass latency=17.46s
2026-04-22 17:00:25,570 INFO task=336 mode=with_mcp pass=True reason=pass latency=15.19s
2026-04-22 17:00:30,368 INFO task=192 mode=with_mcp pass=True reason=pass latency=15.67s
2026-04-22 17:00:33,305 INFO task=560 mode=with_mcp pass=True reason=pass latency=14.47s
2026-04-22 17:00:38,036 INFO task=279 mode=with_mcp pass=False reason=assertion_error latency=15.83s
2026-04-22 17:00:41,172 INFO task=581 mode=with_mcp pass=False reason=assertion_error latency=15.62s
2026-04-22 17:00:47,308 INFO task=950 mode=with_mcp pass=False reason=assertion_error latency=16.93s
2026-04-22 17:00:49,473 INFO task=501 mode=with_mcp pass=False reason=name_error latency=16.17s
2026-04-22 17:00:53,717 INFO task=900 mode=with_mcp pass=False reason=assertion_error latency=15.64s
2026-04-22 17:00:57,821 INFO task=742 mode=with_mcp pass=False reason=name_error latency=16.66s
2026-04-22 17:01:03,543 INFO task=28 mode=with_mcp pass=True reason=pass latency=16.26s
2026-04-22 17:01:08,082 INFO task=439 mode=with_mcp pass=True reason=pass latency=18.63s
2026-04-22 17:01:11,552 INFO task=691 mode=with_mcp pass=True reason=pass latency=17.86s
2026-04-22 17:01:11,553 INFO mode=with_mcp progress 475/974
2026-04-22 17:01:15,586 INFO task=799 mode=with_mcp pass=False reason=name_error latency=17.77s
2026-04-22 17:01:19,404 INFO task=100 mode=with_mcp pass=True reason=pass latency=15.86s
2026-04-22 17:01:23,885 INFO task=396 mode=with_mcp pass=False reason=assertion_error latency=15.80s
2026-04-22 17:01:26,821 INFO task=334 mode=with_mcp pass=True reason=pass latency=15.27s
2026-04-22 17:01:29,805 INFO task=665 mode=with_mcp pass=True reason=pass latency=14.21s
2026-04-22 17:01:35,349 INFO task=559 mode=with_mcp pass=False reason=assertion_error latency=15.96s
2026-04-22 17:01:40,443 INFO task=280 mode=with_mcp pass=True reason=pass latency=16.55s
2026-04-22 17:01:46,702 INFO task=594 mode=with_mcp pass=False reason=assertion_error latency=19.86s
2026-04-22 17:01:53,256 INFO task=608 mode=with_mcp pass=False reason=name_error latency=23.43s
2026-04-22 17:02:04,525 INFO task=951 mode=with_mcp pass=False reason=name_error latency=29.16s
2026-04-22 17:02:10,630 INFO task=505 mode=with_mcp pass=True reason=pass latency=30.19s
2026-04-22 17:02:14,924 INFO task=873 mode=with_mcp pass=True reason=pass latency=28.22s
2026-04-22 17:02:18,850 INFO task=748 mode=with_mcp pass=False reason=assertion_error latency=25.61s
2026-04-22 17:02:22,172 INFO task=46 mode=with_mcp pass=True reason=pass latency=17.65s
2026-04-22 17:02:25,116 INFO task=458 mode=with_mcp pass=True reason=pass latency=14.48s
2026-04-22 17:02:28,647 INFO task=672 mode=with_mcp pass=True reason=pass latency=13.72s
2026-04-22 17:02:31,644 INFO task=172 mode=with_mcp pass=True reason=pass latency=12.78s
2026-04-22 17:02:34,575 INFO task=808 mode=with_mcp pass=True reason=pass latency=12.41s
2026-04-22 17:02:38,686 INFO task=82 mode=with_mcp pass=True reason=pass latency=13.58s
2026-04-22 17:02:46,853 INFO task=401 mode=with_mcp pass=True reason=pass latency=18.24s
2026-04-22 17:02:54,164 INFO task=661 mode=with_mcp pass=False reason=assertion_error latency=22.52s
2026-04-22 17:02:58,244 INFO task=552 mode=with_mcp pass=False reason=assertion_error latency=23.65s
2026-04-22 17:03:01,300 INFO task=264 mode=with_mcp pass=False reason=assertion_error latency=22.61s
2026-04-22 17:03:04,110 INFO task=596 mode=with_mcp pass=False reason=name_error latency=17.26s
2026-04-22 17:03:09,298 INFO task=602 mode=with_mcp pass=False reason=assertion_error latency=15.16s
2026-04-22 17:03:09,298 INFO mode=with_mcp progress 500/974
2026-04-22 17:03:17,293 INFO task=952 mode=with_mcp pass=False reason=assertion_error latency=19.05s
2026-04-22 17:03:24,440 INFO task=504 mode=with_mcp pass=False reason=name_error latency=23.10s
2026-04-22 17:03:28,001 INFO task=223 mode=with_mcp pass=True reason=pass latency=23.89s
2026-04-22 17:03:32,708 INFO task=871 mode=with_mcp pass=True reason=pass latency=23.41s
2026-04-22 17:03:35,605 INFO task=749 mode=with_mcp pass=False reason=assertion_error latency=18.34s
2026-04-22 17:03:39,135 INFO task=27 mode=with_mcp pass=False reason=assertion_error latency=14.72s
2026-04-22 17:03:43,212 INFO task=443 mode=with_mcp pass=False reason=assertion_error latency=15.21s
2026-04-22 17:03:46,062 INFO task=678 mode=with_mcp pass=True reason=pass latency=13.34s
2026-04-22 17:03:52,353 INFO task=829 mode=with_mcp pass=False reason=assertion_error latency=16.74s
2026-04-22 17:03:55,670 INFO task=89 mode=with_mcp pass=True reason=pass latency=16.54s
2026-04-22 17:04:03,784 INFO task=374 mode=with_mcp pass=False reason=assertion_error latency=20.53s
2026-04-22 17:04:06,646 INFO task=193 mode=with_mcp pass=True reason=pass latency=20.60s
2026-04-22 17:04:12,251 INFO task=563 mode=with_mcp pass=False reason=assertion_error latency=19.84s
2026-04-22 17:04:16,488 INFO task=281 mode=with_mcp pass=True reason=pass latency=20.84s
2026-04-22 17:04:19,853 INFO task=582 mode=with_mcp pass=True reason=pass latency=16.07s
2026-04-22 17:04:22,502 INFO task=604 mode=with_mcp pass=True reason=pass latency=15.85s
2026-04-22 17:04:28,902 INFO task=954 mode=with_mcp pass=True reason=pass latency=16.71s
2026-04-22 17:04:31,586 INFO task=508 mode=with_mcp pass=False reason=assertion_error latency=15.08s
2026-04-22 17:04:35,104 INFO task=249 mode=with_mcp pass=False reason=assertion_error latency=15.28s
2026-04-22 17:04:38,444 INFO task=878 mode=with_mcp pass=False reason=assertion_error latency=15.92s
2026-04-22 17:04:54,124 INFO task=42 mode=with_mcp pass=False reason=assertion_error latency=22.54s
2026-04-22 17:04:59,397 INFO task=438 mode=with_mcp pass=False reason=assertion_error latency=24.30s
2026-04-22 17:05:02,323 INFO task=673 mode=with_mcp pass=True reason=pass latency=23.90s
2026-04-22 17:05:04,724 INFO task=751 mode=with_mcp pass=False reason=timeout latency=20.86s
2026-04-22 17:05:05,764 INFO task=170 mode=with_mcp pass=True reason=pass latency=15.99s
2026-04-22 17:05:05,764 INFO mode=with_mcp progress 525/974
2026-04-22 17:05:08,621 INFO task=817 mode=with_mcp pass=True reason=pass latency=14.50s
2026-04-22 17:05:13,476 INFO task=96 mode=with_mcp pass=True reason=pass latency=14.08s
2026-04-22 17:05:20,023 INFO task=391 mode=with_mcp pass=False reason=assertion_error latency=17.70s
2026-04-22 17:05:26,123 INFO task=194 mode=with_mcp pass=False reason=name_error latency=20.37s
2026-04-22 17:05:28,638 INFO task=566 mode=with_mcp pass=True reason=pass latency=20.01s
2026-04-22 17:05:32,081 INFO task=282 mode=with_mcp pass=False reason=assertion_error latency=18.61s
2026-04-22 17:05:38,673 INFO task=585 mode=with_mcp pass=True reason=pass latency=18.63s
2026-04-22 17:05:42,993 INFO task=609 mode=with_mcp pass=False reason=assertion_error latency=16.87s
2026-04-22 17:05:45,482 INFO task=947 mode=with_mcp pass=True reason=pass latency=16.85s
2026-04-22 17:05:50,617 INFO task=510 mode=with_mcp pass=False reason=assertion_error latency=18.52s
2026-04-22 17:05:52,852 INFO task=243 mode=with_mcp pass=False reason=assertion_error latency=14.19s
2026-04-22 17:05:56,748 INFO task=882 mode=with_mcp pass=False reason=assertion_error latency=13.77s
2026-04-22 17:05:59,542 INFO task=750 mode=with_mcp pass=False reason=assertion_error latency=14.05s
2026-04-22 17:06:04,302 INFO task=47 mode=with_mcp pass=False reason=assertion_error latency=13.70s
2026-04-22 17:06:08,228 INFO task=445 mode=with_mcp pass=False reason=runtime_error latency=15.35s
2026-04-22 17:06:13,496 INFO task=677 mode=with_mcp pass=False reason=assertion_error latency=16.73s
2026-04-22 17:06:17,791 INFO task=166 mode=with_mcp pass=True reason=pass latency=18.25s
2026-04-22 17:06:22,936 INFO task=786 mode=with_mcp pass=True reason=pass latency=18.63s
2026-04-22 17:06:25,744 INFO task=88 mode=with_mcp pass=True reason=pass latency=17.56s
2026-04-22 17:06:35,941 INFO task=392 mode=with_mcp pass=True reason=pass latency=22.45s
2026-04-22 17:06:39,853 INFO task=195 mode=with_mcp pass=False reason=assertion_error latency=22.06s
2026-04-22 17:06:42,428 INFO task=569 mode=with_mcp pass=True reason=pass latency=19.50s
2026-04-22 17:06:47,062 INFO task=283 mode=with_mcp pass=False reason=assertion_error latency=21.28s
2026-04-22 17:06:49,909 INFO task=580 mode=with_mcp pass=False reason=runtime_error latency=13.91s
2026-04-22 17:06:54,992 INFO task=611 mode=with_mcp pass=False reason=assertion_error latency=15.07s
2026-04-22 17:06:54,992 INFO mode=with_mcp progress 550/974
2026-04-22 17:06:58,381 INFO task=955 mode=with_mcp pass=True reason=pass latency=15.94s
2026-04-22 17:07:01,974 INFO task=509 mode=with_mcp pass=False reason=name_error latency=14.93s
2026-04-22 17:07:07,461 INFO task=221 mode=with_mcp pass=True reason=pass latency=17.57s
2026-04-22 17:07:13,675 INFO task=884 mode=with_mcp pass=False reason=assertion_error latency=18.75s
2026-04-22 17:07:16,966 INFO task=739 mode=with_mcp pass=False reason=assertion_error latency=18.59s
2026-04-22 17:07:25,784 INFO task=36 mode=with_mcp pass=False reason=runtime_error latency=23.82s
2026-04-22 17:07:29,848 INFO task=452 mode=with_mcp pass=False reason=assertion_error latency=22.42s
2026-04-22 17:07:34,244 INFO task=674 mode=with_mcp pass=True reason=pass latency=20.56s
2026-04-22 17:07:40,374 INFO task=173 mode=with_mcp pass=True reason=pass latency=23.41s
2026-04-22 17:07:43,826 INFO task=787 mode=with_mcp pass=False reason=assertion_error latency=18.01s
2026-04-22 17:07:46,335 INFO task=86 mode=with_mcp pass=False reason=assertion_error latency=16.47s
2026-04-22 17:07:49,350 INFO task=378 mode=with_mcp pass=False reason=assertion_error latency=15.09s
2026-04-22 17:07:51,806 INFO task=196 mode=with_mcp pass=True reason=pass latency=11.41s
2026-04-22 17:07:59,184 INFO task=548 mode=with_mcp pass=True reason=pass latency=15.38s
2026-04-22 17:08:03,230 INFO task=290 mode=with_mcp pass=True reason=pass latency=16.87s
2026-04-22 17:08:06,673 INFO task=586 mode=with_mcp pass=False reason=assertion_error latency=17.36s
2026-04-22 17:08:08,628 INFO task=624 mode=with_mcp pass=False reason=assertion_error latency=16.83s
2026-04-22 17:08:23,525 INFO task=940 mode=with_mcp pass=False reason=assertion_error latency=24.33s
2026-04-22 17:08:28,839 INFO task=511 mode=with_mcp pass=False reason=assertion_error latency=25.63s
2026-04-22 17:08:35,584 INFO task=225 mode=with_mcp pass=True reason=pass latency=28.89s
2026-04-22 17:08:38,779 INFO task=887 mode=with_mcp pass=True reason=pass latency=30.15s
2026-04-22 17:08:43,112 INFO task=746 mode=with_mcp pass=False reason=assertion_error latency=19.57s
2026-04-22 17:08:46,621 INFO task=49 mode=with_mcp pass=True reason=pass latency=17.80s
2026-04-22 17:08:53,426 INFO task=449 mode=with_mcp pass=True reason=pass latency=17.84s
2026-04-22 17:08:56,500 INFO task=679 mode=with_mcp pass=False reason=runtime_error latency=17.71s
2026-04-22 17:08:56,500 INFO mode=with_mcp progress 575/974
2026-04-22 17:09:05,554 INFO task=862 mode=with_mcp pass=True reason=pass latency=22.44s
2026-04-22 17:12:38,898 INFO task=793 mode=with_mcp pass=False reason=runtime_error latency=232.29s
2026-04-22 17:12:54,069 INFO task=99 mode=with_mcp pass=True reason=pass latency=240.65s
2026-04-22 17:13:01,603 INFO task=197 mode=with_mcp pass=True reason=pass latency=236.07s
2026-04-22 17:13:08,976 INFO task=571 mode=with_mcp pass=False reason=assertion_error latency=30.02s
2026-04-22 17:13:11,904 INFO task=315 mode=with_mcp pass=False reason=assertion_error latency=17.84s
2026-04-22 17:13:17,803 INFO task=591 mode=with_mcp pass=True reason=pass latency=16.20s
2026-04-22 17:13:24,757 INFO task=379 mode=with_mcp pass=True reason=pass latency=268.28s
2026-04-22 17:13:26,800 INFO task=626 mode=with_mcp pass=False reason=assertion_error latency=17.87s
2026-04-22 17:13:29,284 INFO task=957 mode=with_mcp pass=False reason=assertion_error latency=17.39s
2026-04-22 17:13:41,764 INFO task=512 mode=with_mcp pass=False reason=assertion_error latency=23.96s
2026-04-22 17:13:50,244 INFO task=231 mode=with_mcp pass=True reason=pass latency=25.48s
2026-04-22 17:13:53,369 INFO task=898 mode=with_mcp pass=False reason=assertion_error latency=26.55s
2026-04-22 17:14:03,578 INFO task=752 mode=with_mcp pass=False reason=assertion_error latency=34.28s
2026-04-22 17:14:13,076 INFO task=31 mode=with_mcp pass=False reason=assertion_error latency=31.30s
2026-04-22 17:14:18,909 INFO task=448 mode=with_mcp pass=False reason=assertion_error latency=28.68s
2026-04-22 17:14:23,532 INFO task=681 mode=with_mcp pass=False reason=name_error latency=30.19s
2026-04-22 17:14:27,576 INFO task=812 mode=with_mcp pass=False reason=assertion_error latency=24.00s
2026-04-22 17:14:31,987 INFO task=102 mode=with_mcp pass=True reason=pass latency=18.92s
2026-04-22 17:14:35,396 INFO task=380 mode=with_mcp pass=False reason=assertion_error latency=16.47s
2026-04-22 17:14:39,803 INFO task=198 mode=with_mcp pass=False reason=assertion_error latency=16.26s
2026-04-22 17:14:44,474 INFO task=549 mode=with_mcp pass=True reason=pass latency=16.89s
2026-04-22 17:14:48,215 INFO task=285 mode=with_mcp pass=False reason=assertion_error latency=16.16s
2026-04-22 17:14:54,899 INFO task=598 mode=with_mcp pass=True reason=pass latency=19.50s
2026-04-22 17:15:03,423 INFO task=627 mode=with_mcp pass=True reason=pass latency=23.59s
2026-04-22 17:15:03,424 INFO mode=with_mcp progress 600/974
2026-04-22 17:15:08,245 INFO task=935 mode=with_mcp pass=True reason=pass latency=23.76s
2026-04-22 17:15:12,441 INFO task=507 mode=with_mcp pass=True reason=pass latency=24.29s
2026-04-22 17:15:16,021 INFO task=226 mode=with_mcp pass=True reason=pass latency=21.13s
2026-04-22 17:15:19,368 INFO task=868 mode=with_mcp pass=False reason=runtime_error latency=15.94s
2026-04-22 17:15:29,545 INFO task=745 mode=with_mcp pass=True reason=pass latency=21.30s
2026-04-22 17:15:49,569 INFO task=38 mode=with_mcp pass=False reason=assertion_error latency=37.14s
2026-04-22 17:16:00,170 INFO task=447 mode=with_mcp pass=True reason=pass latency=44.15s
2026-04-22 17:16:14,859 INFO task=683 mode=with_mcp pass=False reason=assertion_error latency=55.53s
2026-04-22 17:16:26,297 INFO task=864 mode=with_mcp pass=True reason=pass latency=56.79s
2026-04-22 17:16:40,250 INFO task=794 mode=with_mcp pass=False reason=assertion_error latency=50.68s
2026-04-22 17:17:20,614 INFO task=103 mode=with_mcp pass=False reason=assertion_error latency=80.44s
2026-04-22 17:17:46,038 INFO task=395 mode=with_mcp pass=True reason=pass latency=91.14s
2026-04-22 17:17:56,817 INFO task=660 mode=with_mcp pass=False reason=assertion_error latency=90.49s
2026-04-22 17:18:03,000 INFO task=565 mode=with_mcp pass=True reason=pass latency=82.73s
2026-04-22 17:18:27,009 INFO task=298 mode=with_mcp pass=True reason=pass latency=66.37s
2026-04-22 17:18:47,680 INFO task=600 mode=with_mcp pass=True reason=pass latency=61.66s
2026-04-22 17:19:09,891 INFO task=628 mode=with_mcp pass=False reason=assertion_error latency=73.08s
2026-04-22 17:19:20,916 INFO task=943 mode=with_mcp pass=True reason=pass latency=77.93s
2026-04-22 17:19:30,022 INFO task=500 mode=with_mcp pass=False reason=assertion_error latency=63.03s
2026-04-22 17:19:44,948 INFO task=234 mode=with_mcp pass=True reason=pass latency=57.28s
2026-04-22 17:19:57,422 INFO task=899 mode=with_mcp pass=False reason=assertion_error latency=47.55s
2026-04-22 17:20:08,623 INFO task=743 mode=with_mcp pass=False reason=assertion_error latency=47.71s
2026-04-22 17:20:16,539 INFO task=39 mode=with_mcp pass=False reason=name_error latency=46.51s
2026-04-22 17:20:37,875 INFO task=440 mode=with_mcp pass=False reason=name_error latency=52.91s
2026-04-22 17:20:44,716 INFO task=675 mode=with_mcp pass=False reason=assertion_error latency=47.28s
2026-04-22 17:20:44,716 INFO mode=with_mcp progress 625/974
2026-04-22 17:20:50,226 INFO task=163 mode=with_mcp pass=True reason=pass latency=41.58s
2026-04-22 17:20:52,595 INFO task=789 mode=with_mcp pass=True reason=pass latency=36.06s
2026-04-22 17:20:58,100 INFO task=104 mode=with_mcp pass=True reason=pass latency=20.24s
2026-04-22 17:21:04,526 INFO task=397 mode=with_mcp pass=True reason=pass latency=19.82s
2026-04-22 17:21:08,705 INFO task=659 mode=with_mcp pass=False reason=assertion_error latency=18.50s
2026-04-22 17:21:12,597 INFO task=568 mode=with_mcp pass=True reason=pass latency=20.00s
2026-04-22 17:21:18,941 INFO task=296 mode=with_mcp pass=True reason=pass latency=20.84s
2026-04-22 17:21:34,228 INFO task=597 mode=with_mcp pass=True reason=pass latency=29.71s
2026-04-22 17:21:41,647 INFO task=630 mode=with_mcp pass=True reason=pass latency=32.91s
2026-04-22 17:21:44,226 INFO task=944 mode=with_mcp pass=False reason=assertion_error latency=31.63s
2026-04-22 17:21:51,253 INFO task=502 mode=with_mcp pass=True reason=pass latency=32.29s
2026-04-22 17:21:58,134 INFO task=246 mode=with_mcp pass=True reason=pass latency=23.88s
2026-04-22 17:22:01,750 INFO task=883 mode=with_mcp pass=True reason=pass latency=20.13s
2026-04-22 17:22:11,988 INFO task=734 mode=with_mcp pass=False reason=name_error latency=27.76s
2026-04-22 17:22:15,273 INFO task=50 mode=with_mcp pass=True reason=pass latency=24.02s
2026-04-22 17:22:22,775 INFO task=451 mode=with_mcp pass=True reason=pass latency=24.61s
2026-04-22 17:22:27,783 INFO task=216 mode=with_mcp pass=False reason=runtime_error latency=26.03s
2026-04-22 17:22:37,699 INFO task=164 mode=with_mcp pass=False reason=assertion_error latency=25.66s
2026-04-22 17:22:40,203 INFO task=800 mode=with_mcp pass=True reason=pass latency=24.92s
2026-04-22 17:22:43,002 INFO task=106 mode=with_mcp pass=False reason=runtime_error latency=20.26s
2026-04-22 17:22:51,622 INFO task=402 mode=with_mcp pass=False reason=assertion_error latency=23.82s
2026-04-22 17:22:56,571 INFO task=200 mode=with_mcp pass=True reason=pass latency=18.93s
2026-04-22 17:22:59,690 INFO task=554 mode=with_mcp pass=True reason=pass latency=19.52s
2026-04-22 17:23:07,546 INFO task=297 mode=with_mcp pass=True reason=pass latency=24.56s
2026-04-22 17:23:14,149 INFO task=595 mode=with_mcp pass=False reason=assertion_error latency=22.56s
2026-04-22 17:23:14,150 INFO mode=with_mcp progress 650/974
2026-04-22 17:23:18,585 INFO task=631 mode=with_mcp pass=True reason=pass latency=22.01s
2026-04-22 17:23:40,005 INFO task=958 mode=with_mcp pass=True reason=pass latency=40.32s
2026-04-22 17:23:43,145 INFO task=503 mode=with_mcp pass=True reason=pass latency=35.60s
2026-04-22 17:23:48,739 INFO task=241 mode=with_mcp pass=False reason=assertion_error latency=34.60s
2026-04-22 17:23:51,691 INFO task=892 mode=with_mcp pass=True reason=pass latency=33.11s
2026-04-22 17:23:54,990 INFO task=753 mode=with_mcp pass=True reason=pass latency=14.96s
2026-04-22 17:23:57,798 INFO task=51 mode=with_mcp pass=True reason=pass latency=14.65s
2026-04-22 17:24:01,681 INFO task=454 mode=with_mcp pass=False reason=assertion_error latency=12.93s
2026-04-22 17:24:04,678 INFO task=688 mode=with_mcp pass=True reason=pass latency=12.99s
2026-04-22 17:24:07,516 INFO task=162 mode=with_mcp pass=True reason=pass latency=12.54s
2026-04-22 17:24:11,042 INFO task=803 mode=with_mcp pass=True reason=pass latency=13.22s
2026-04-22 17:24:14,371 INFO task=107 mode=with_mcp pass=False reason=runtime_error latency=12.68s
2026-04-22 17:24:16,802 INFO task=375 mode=with_mcp pass=True reason=pass latency=12.12s
2026-04-22 17:24:19,881 INFO task=662 mode=with_mcp pass=True reason=pass latency=12.36s
2026-04-22 17:24:22,013 INFO task=572 mode=with_mcp pass=False reason=assertion_error latency=11.00s
2026-04-22 17:24:33,441 INFO task=314 mode=with_mcp pass=False reason=runtime_error latency=19.08s
2026-04-22 17:24:42,296 INFO task=1 mode=with_mcp pass=False reason=assertion_error latency=25.48s
2026-04-22 17:24:48,003 INFO task=632 mode=with_mcp pass=False reason=assertion_error latency=28.11s
2026-04-22 17:24:50,817 INFO task=959 mode=with_mcp pass=True reason=pass latency=28.78s
2026-04-22 17:24:54,687 INFO task=506 mode=with_mcp pass=False reason=assertion_error latency=21.24s
2026-04-22 17:24:58,272 INFO task=242 mode=with_mcp pass=True reason=pass latency=15.98s
2026-04-22 17:25:01,962 INFO task=876 mode=with_mcp pass=False reason=name_error latency=13.96s
2026-04-22 17:25:05,066 INFO task=732 mode=with_mcp pass=True reason=pass latency=14.25s
2026-04-22 17:25:09,596 INFO task=32 mode=with_mcp pass=True reason=pass latency=14.91s
2026-04-22 17:25:12,153 INFO task=457 mode=with_mcp pass=True reason=pass latency=13.87s
2026-04-22 17:25:12,153 INFO mode=with_mcp progress 675/974
2026-04-22 17:25:18,291 INFO task=689 mode=with_mcp pass=False reason=assertion_error latency=16.34s
2026-04-22 17:25:21,655 INFO task=167 mode=with_mcp pass=False reason=name_error latency=16.60s
2026-04-22 17:25:25,004 INFO task=790 mode=with_mcp pass=False reason=assertion_error latency=15.40s
2026-04-22 17:25:27,969 INFO task=101 mode=with_mcp pass=True reason=pass latency=15.83s
2026-04-22 17:25:31,696 INFO task=403 mode=with_mcp pass=True reason=pass latency=13.41s
2026-04-22 17:25:33,938 INFO task=663 mode=with_mcp pass=False reason=assertion_error latency=12.30s
2026-04-22 17:25:37,096 INFO task=573 mode=with_mcp pass=False reason=name_error latency=12.10s
2026-04-22 17:25:40,937 INFO task=311 mode=with_mcp pass=False reason=assertion_error latency=12.97s
2026-04-22 17:25:44,161 INFO task=2 mode=with_mcp pass=True reason=pass latency=12.47s
2026-04-22 17:25:47,061 INFO task=633 mode=with_mcp pass=False reason=name_error latency=13.09s
2026-04-22 17:25:51,337 INFO task=936 mode=with_mcp pass=False reason=assertion_error latency=14.24s
2026-04-22 17:25:54,659 INFO task=513 mode=with_mcp pass=False reason=runtime_error latency=13.71s
2026-04-22 17:26:11,031 INFO task=245 mode=with_mcp pass=False reason=assertion_error latency=26.85s
2026-04-22 17:26:14,261 INFO task=893 mode=with_mcp pass=True reason=pass latency=27.22s
2026-04-22 17:26:18,231 INFO task=754 mode=with_mcp pass=False reason=assertion_error latency=26.90s
2026-04-22 17:26:22,266 INFO task=24 mode=with_mcp pass=False reason=runtime_error latency=27.61s
2026-04-22 17:26:25,117 INFO task=436 mode=with_mcp pass=False reason=assertion_error latency=14.09s
2026-04-22 17:26:27,717 INFO task=680 mode=with_mcp pass=True reason=pass latency=13.46s
2026-04-22 17:26:30,988 INFO task=168 mode=with_mcp pass=True reason=pass latency=12.74s
2026-04-22 17:26:33,016 INFO task=788 mode=with_mcp pass=False reason=runtime_error latency=10.76s
2026-04-22 17:26:46,649 INFO task=108 mode=with_mcp pass=False reason=runtime_error latency=21.54s
2026-04-22 17:26:50,580 INFO task=394 mode=with_mcp pass=False reason=assertion_error latency=22.86s
2026-04-22 17:26:56,667 INFO task=667 mode=with_mcp pass=True reason=pass latency=25.71s
2026-04-22 17:28:00,346 INFO task=553 mode=with_mcp pass=False reason=assertion_error latency=87.31s
2026-04-22 17:28:44,306 INFO task=294 mode=with_mcp pass=False reason=runtime_error latency=117.65s
2026-04-22 17:28:44,306 INFO mode=with_mcp progress 700/974
2026-04-22 17:29:47,040 INFO task=939 mode=with_mcp pass=False reason=assertion_error latency=106.70s
2026-04-22 17:30:01,797 INFO task=514 mode=with_mcp pass=True reason=pass latency=77.49s
2026-04-22 17:30:26,087 INFO task=3 mode=with_mcp pass=True reason=pass latency=215.50s
2026-04-22 17:30:29,864 INFO task=634 mode=with_mcp pass=True reason=pass latency=213.18s
2026-04-22 17:30:32,831 INFO task=230 mode=with_mcp pass=True reason=pass latency=45.74s
2026-04-22 17:30:37,007 INFO task=894 mode=with_mcp pass=True reason=pass latency=35.21s
2026-04-22 17:30:39,622 INFO task=755 mode=with_mcp pass=False reason=assertion_error latency=13.53s
2026-04-22 17:30:42,530 INFO task=35 mode=with_mcp pass=False reason=assertion_error latency=12.65s
2026-04-22 17:30:45,525 INFO task=459 mode=with_mcp pass=True reason=pass latency=12.73s
2026-04-22 17:30:51,499 INFO task=690 mode=with_mcp pass=True reason=pass latency=14.50s
2026-04-22 17:30:57,687 INFO task=807 mode=with_mcp pass=True reason=pass latency=18.08s
2026-04-22 17:31:03,886 INFO task=84 mode=with_mcp pass=False reason=assertion_error latency=21.33s
2026-04-22 17:31:05,810 INFO task=388 mode=with_mcp pass=False reason=assertion_error latency=20.27s
2026-04-22 17:31:09,962 INFO task=669 mode=with_mcp pass=False reason=assertion_error latency=18.46s
2026-04-22 17:31:13,507 INFO task=574 mode=with_mcp pass=False reason=assertion_error latency=15.81s
2026-04-22 17:31:22,077 INFO task=306 mode=with_mcp pass=False reason=assertion_error latency=18.21s
2026-04-22 17:31:28,234 INFO task=5 mode=with_mcp pass=False reason=assertion_error latency=22.45s
2026-04-22 17:31:34,387 INFO task=635 mode=with_mcp pass=False reason=name_error latency=24.43s
2026-04-22 17:31:39,410 INFO task=949 mode=with_mcp pass=False reason=assertion_error latency=25.91s
2026-04-22 17:31:44,960 INFO task=515 mode=with_mcp pass=False reason=assertion_error latency=22.88s
2026-04-22 17:31:51,043 INFO task=220 mode=with_mcp pass=False reason=assertion_error latency=22.81s
2026-04-22 17:32:03,780 INFO task=895 mode=with_mcp pass=False reason=assertion_error latency=29.39s
2026-04-22 17:32:08,473 INFO task=756 mode=with_mcp pass=False reason=assertion_error latency=29.07s
2026-04-22 17:32:14,930 INFO task=43 mode=with_mcp pass=False reason=assertion_error latency=29.96s
2026-04-22 17:32:17,827 INFO task=437 mode=with_mcp pass=False reason=runtime_error latency=26.79s
2026-04-22 17:32:17,827 INFO mode=with_mcp progress 725/974
2026-04-22 17:32:21,163 INFO task=684 mode=with_mcp pass=False reason=assertion_error latency=17.40s
2026-04-22 17:32:24,187 INFO task=852 mode=with_mcp pass=True reason=pass latency=15.71s
2026-04-22 17:32:31,079 INFO task=791 mode=with_mcp pass=False reason=assertion_error latency=16.16s
2026-04-22 17:32:34,784 INFO task=83 mode=with_mcp pass=False reason=assertion_error latency=16.93s
2026-04-22 17:32:44,615 INFO task=385 mode=with_mcp pass=False reason=assertion_error latency=23.45s
2026-04-22 17:32:50,827 INFO task=202 mode=with_mcp pass=False reason=assertion_error latency=26.64s
2026-04-22 17:32:52,540 INFO task=558 mode=with_mcp pass=False reason=assertion_error latency=21.47s
2026-04-22 17:33:00,679 INFO task=286 mode=with_mcp pass=False reason=assertion_error latency=25.93s
2026-04-22 17:33:04,580 INFO task=6 mode=with_mcp pass=True reason=pass latency=19.98s
2026-04-22 17:33:09,782 INFO task=636 mode=with_mcp pass=False reason=assertion_error latency=18.96s
2026-04-22 17:33:12,276 INFO task=948 mode=with_mcp pass=True reason=pass latency=19.72s
2026-04-22 17:33:19,239 INFO task=208 mode=with_mcp pass=True reason=pass latency=18.55s
2026-04-22 17:33:22,949 INFO task=227 mode=with_mcp pass=True reason=pass latency=18.34s
2026-04-22 17:33:30,094 INFO task=889 mode=with_mcp pass=True reason=pass latency=20.31s
2026-04-22 17:33:34,332 INFO task=757 mode=with_mcp pass=False reason=assertion_error latency=22.07s
2026-04-22 17:33:36,876 INFO task=44 mode=with_mcp pass=False reason=assertion_error latency=17.65s
2026-04-22 17:33:40,628 INFO task=453 mode=with_mcp pass=False reason=assertion_error latency=17.66s
2026-04-22 17:33:44,631 INFO task=692 mode=with_mcp pass=False reason=name_error latency=14.54s
2026-04-22 17:33:47,623 INFO task=855 mode=with_mcp pass=True reason=pass latency=13.27s
2026-04-22 17:33:52,143 INFO task=819 mode=with_mcp pass=False reason=assertion_error latency=15.25s
2026-04-22 17:33:57,757 INFO task=110 mode=with_mcp pass=False reason=assertion_error latency=17.12s
2026-04-22 17:34:03,722 INFO task=386 mode=with_mcp pass=False reason=assertion_error latency=19.10s
2026-04-22 17:34:08,165 INFO task=664 mode=with_mcp pass=True reason=pass latency=20.55s
2026-04-22 17:34:11,370 INFO task=562 mode=with_mcp pass=True reason=pass latency=19.20s
2026-04-22 17:34:14,387 INFO task=287 mode=with_mcp pass=True reason=pass latency=16.66s
2026-04-22 17:34:14,387 INFO mode=with_mcp progress 750/974
2026-04-22 17:34:17,936 INFO task=7 mode=with_mcp pass=True reason=pass latency=14.20s
2026-04-22 17:34:21,011 INFO task=637 mode=with_mcp pass=True reason=pass latency=12.82s
2026-04-22 17:34:24,890 INFO task=960 mode=with_mcp pass=False reason=assertion_error latency=13.55s
2026-04-22 17:34:29,073 INFO task=539 mode=with_mcp pass=True reason=pass latency=14.68s
2026-04-22 17:34:41,607 INFO task=247 mode=with_mcp pass=True reason=pass latency=23.67s
2026-04-22 17:34:47,576 INFO task=890 mode=with_mcp pass=False reason=assertion_error latency=26.59s
2026-04-22 17:34:50,448 INFO task=729 mode=with_mcp pass=True reason=pass latency=25.56s
2026-04-22 17:34:53,779 INFO task=48 mode=with_mcp pass=False reason=assertion_error latency=24.70s
2026-04-22 17:34:56,693 INFO task=456 mode=with_mcp pass=True reason=pass latency=15.10s
2026-04-22 17:35:02,031 INFO task=685 mode=with_mcp pass=True reason=pass latency=14.46s
2026-04-22 17:35:05,339 INFO task=857 mode=with_mcp pass=False reason=assertion_error latency=14.87s
2026-04-22 17:35:08,892 INFO task=820 mode=with_mcp pass=False reason=assertion_error latency=15.09s
2026-04-22 17:35:12,261 INFO task=117 mode=with_mcp pass=False reason=assertion_error latency=15.55s
2026-04-22 17:35:15,515 INFO task=387 mode=with_mcp pass=True reason=pass latency=13.49s
2026-04-22 17:35:18,280 INFO task=203 mode=with_mcp pass=True reason=pass latency=12.94s
2026-04-22 17:35:22,918 INFO task=575 mode=with_mcp pass=False reason=assertion_error latency=14.06s
2026-04-22 17:35:26,094 INFO task=292 mode=with_mcp pass=True reason=pass latency=13.84s
2026-04-22 17:35:34,020 INFO task=584 mode=with_mcp pass=False reason=name_error latency=18.48s
2026-04-22 17:35:39,127 INFO task=638 mode=with_mcp pass=False reason=assertion_error latency=20.84s
2026-04-22 17:35:40,923 INFO task=953 mode=with_mcp pass=False reason=assertion_error latency=17.99s
2026-04-22 17:35:45,215 INFO task=547 mode=with_mcp pass=False reason=assertion_error latency=19.12s
2026-04-22 17:35:49,421 INFO task=229 mode=with_mcp pass=False reason=assertion_error latency=15.41s
2026-04-22 17:35:52,179 INFO task=896 mode=with_mcp pass=True reason=pass latency=13.08s
2026-04-22 17:35:55,106 INFO task=741 mode=with_mcp pass=False reason=name_error latency=14.18s
2026-04-22 17:35:59,798 INFO task=29 mode=with_mcp pass=True reason=pass latency=14.58s
2026-04-22 17:35:59,798 INFO mode=with_mcp progress 775/974
2026-04-22 17:36:02,824 INFO task=442 mode=with_mcp pass=False reason=assertion_error latency=13.38s
2026-04-22 17:36:06,989 INFO task=694 mode=with_mcp pass=False reason=assertion_error latency=14.79s
2026-04-22 17:36:12,729 INFO task=169 mode=with_mcp pass=True reason=pass latency=17.62s
2026-04-22 17:36:15,295 INFO task=821 mode=with_mcp pass=True reason=pass latency=15.50s
2026-04-22 17:36:19,285 INFO task=112 mode=with_mcp pass=True reason=pass latency=16.50s
2026-04-22 17:36:23,146 INFO task=398 mode=with_mcp pass=False reason=runtime_error latency=16.16s
2026-04-22 17:36:26,648 INFO task=670 mode=with_mcp pass=False reason=assertion_error latency=13.93s
2026-04-22 17:36:31,255 INFO task=567 mode=with_mcp pass=True reason=pass latency=15.94s
2026-04-22 17:36:36,864 INFO task=303 mode=with_mcp pass=False reason=assertion_error latency=17.58s
2026-04-22 17:36:40,083 INFO task=8 mode=with_mcp pass=True reason=pass latency=16.95s
2026-04-22 17:36:43,984 INFO task=639 mode=with_mcp pass=True reason=pass latency=17.34s
2026-04-22 17:36:47,095 INFO task=932 mode=with_mcp pass=False reason=assertion_error latency=15.87s
2026-04-22 17:36:50,888 INFO task=519 mode=with_mcp pass=False reason=assertion_error latency=14.00s
2026-04-22 17:36:55,581 INFO task=209 mode=with_mcp pass=False reason=assertion_error latency=15.51s
2026-04-22 17:36:59,390 INFO task=248 mode=with_mcp pass=False reason=assertion_error latency=15.40s
2026-04-22 17:37:03,074 INFO task=875 mode=with_mcp pass=True reason=pass latency=15.98s
2026-04-22 17:37:07,276 INFO task=740 mode=with_mcp pass=False reason=assertion_error latency=16.42s
2026-04-22 17:37:10,359 INFO task=52 mode=with_mcp pass=True reason=pass latency=14.78s
2026-04-22 17:37:14,115 INFO task=460 mode=with_mcp pass=True reason=pass latency=14.73s
2026-04-22 17:37:18,964 INFO task=687 mode=with_mcp pass=True reason=pass latency=15.88s
2026-04-22 17:37:22,769 INFO task=854 mode=with_mcp pass=False reason=assertion_error latency=15.48s
2026-04-22 17:37:32,419 INFO task=815 mode=with_mcp pass=False reason=assertion_error latency=22.05s
2026-04-22 17:37:35,897 INFO task=135 mode=with_mcp pass=True reason=pass latency=21.78s
2026-04-22 17:37:37,919 INFO task=400 mode=with_mcp pass=False reason=assertion_error latency=18.96s
2026-04-22 17:37:41,109 INFO task=204 mode=with_mcp pass=True reason=pass latency=18.34s
2026-04-22 17:37:41,109 INFO mode=with_mcp progress 800/974
2026-04-22 17:37:47,564 INFO task=577 mode=with_mcp pass=True reason=pass latency=15.16s
2026-04-22 17:37:52,085 INFO task=301 mode=with_mcp pass=False reason=runtime_error latency=16.19s
2026-04-22 17:37:56,348 INFO task=593 mode=with_mcp pass=False reason=assertion_error latency=18.43s
2026-04-22 17:37:59,677 INFO task=640 mode=with_mcp pass=False reason=assertion_error latency=18.42s
2026-04-22 17:38:06,046 INFO task=934 mode=with_mcp pass=False reason=assertion_error latency=18.47s
2026-04-22 17:38:09,569 INFO task=542 mode=with_mcp pass=True reason=pass latency=17.49s
2026-04-22 17:38:14,530 INFO task=210 mode=with_mcp pass=True reason=pass latency=18.17s
2026-04-22 17:38:18,474 INFO task=263 mode=with_mcp pass=True reason=pass latency=18.94s
2026-04-22 17:38:22,473 INFO task=886 mode=with_mcp pass=True reason=pass latency=16.43s
2026-04-22 17:38:28,758 INFO task=763 mode=with_mcp pass=False reason=runtime_error latency=19.19s
2026-04-22 17:38:31,811 INFO task=53 mode=with_mcp pass=False reason=assertion_error latency=17.28s
2026-04-22 17:38:34,097 INFO task=461 mode=with_mcp pass=False reason=assertion_error latency=15.63s
2026-04-22 17:38:38,603 INFO task=213 mode=with_mcp pass=True reason=pass latency=16.11s
2026-04-22 17:38:47,970 INFO task=856 mode=with_mcp pass=False reason=assertion_error latency=19.20s
2026-04-22 17:38:49,618 INFO task=814 mode=with_mcp pass=True reason=pass latency=17.81s
2026-04-22 17:38:52,068 INFO task=137 mode=with_mcp pass=False reason=assertion_error latency=17.95s
2026-04-22 17:38:57,032 INFO task=382 mode=with_mcp pass=True reason=pass latency=18.42s
2026-04-22 17:39:00,563 INFO task=205 mode=with_mcp pass=False reason=assertion_error latency=12.60s
2026-04-22 17:39:03,159 INFO task=361 mode=with_mcp pass=True reason=pass latency=13.54s
2026-04-22 17:39:06,778 INFO task=304 mode=with_mcp pass=False reason=runtime_error latency=14.72s
2026-04-22 17:39:09,732 INFO task=592 mode=with_mcp pass=False reason=name_error latency=12.71s
2026-04-22 17:39:13,104 INFO task=641 mode=with_mcp pass=False reason=assertion_error latency=12.53s
2026-04-22 17:39:16,457 INFO task=956 mode=with_mcp pass=False reason=assertion_error latency=13.28s
2026-04-22 17:39:26,017 INFO task=527 mode=with_mcp pass=False reason=assertion_error latency=19.23s
2026-04-22 17:39:28,494 INFO task=211 mode=with_mcp pass=True reason=pass latency=18.77s
2026-04-22 17:39:28,494 INFO mode=with_mcp progress 825/974
2026-04-22 17:39:32,432 INFO task=258 mode=with_mcp pass=True reason=pass latency=19.34s
2026-04-22 17:39:35,594 INFO task=901 mode=with_mcp pass=False reason=assertion_error latency=19.16s
2026-04-22 17:39:38,687 INFO task=770 mode=with_mcp pass=True reason=pass latency=12.66s
2026-04-22 17:39:41,665 INFO task=55 mode=with_mcp pass=False reason=assertion_error latency=13.13s
2026-04-22 17:39:44,262 INFO task=441 mode=with_mcp pass=True reason=pass latency=11.80s
2026-04-22 17:39:46,884 INFO task=682 mode=with_mcp pass=True reason=pass latency=11.28s
2026-04-22 17:39:51,080 INFO task=859 mode=with_mcp pass=False reason=name_error latency=12.40s
2026-04-22 17:39:52,987 INFO task=816 mode=with_mcp pass=True reason=pass latency=11.37s
2026-04-22 17:39:56,203 INFO task=138 mode=with_mcp pass=False reason=assertion_error latency=11.96s
2026-04-22 17:39:58,867 INFO task=383 mode=with_mcp pass=False reason=assertion_error latency=11.99s
2026-04-22 17:40:01,842 INFO task=206 mode=with_mcp pass=False reason=assertion_error latency=10.78s
2026-04-22 17:40:05,143 INFO task=369 mode=with_mcp pass=False reason=assertion_error latency=12.15s
2026-04-22 17:40:12,305 INFO task=291 mode=with_mcp pass=False reason=assertion_error latency=16.10s
2026-04-22 17:40:14,984 INFO task=10 mode=with_mcp pass=True reason=pass latency=16.11s
2026-04-22 17:40:19,183 INFO task=642 mode=with_mcp pass=False reason=assertion_error latency=17.33s
2026-04-22 17:40:22,403 INFO task=962 mode=with_mcp pass=True reason=pass latency=17.27s
2026-04-22 17:40:25,406 INFO task=534 mode=with_mcp pass=False reason=assertion_error latency=13.11s
2026-04-22 17:40:28,930 INFO task=244 mode=with_mcp pass=True reason=pass latency=13.95s
2026-04-22 17:40:33,547 INFO task=902 mode=with_mcp pass=True reason=pass latency=14.36s
2026-04-22 17:40:36,970 INFO task=769 mode=with_mcp pass=False reason=assertion_error latency=14.55s
2026-04-22 17:40:41,602 INFO task=57 mode=with_mcp pass=True reason=pass latency=16.19s
2026-04-22 17:40:47,097 INFO task=462 mode=with_mcp pass=False reason=assertion_error latency=18.16s
2026-04-22 17:40:50,196 INFO task=695 mode=with_mcp pass=False reason=assertion_error latency=16.65s
2026-04-22 17:40:53,282 INFO task=860 mode=with_mcp pass=False reason=assertion_error latency=16.28s
2026-04-22 17:40:55,664 INFO task=822 mode=with_mcp pass=False reason=assertion_error latency=14.05s
2026-04-22 17:40:55,664 INFO mode=with_mcp progress 850/974
2026-04-22 17:40:59,201 INFO task=128 mode=with_mcp pass=False reason=assertion_error latency=12.13s
2026-04-22 17:41:05,830 INFO task=389 mode=with_mcp pass=True reason=pass latency=15.64s
2026-04-22 17:41:08,549 INFO task=668 mode=with_mcp pass=False reason=assertion_error latency=15.29s
2026-04-22 17:41:14,306 INFO task=371 mode=with_mcp pass=False reason=assertion_error latency=18.65s
2026-04-22 17:41:16,787 INFO task=300 mode=with_mcp pass=False reason=assertion_error latency=17.57s
2026-04-22 17:41:19,391 INFO task=543 mode=with_mcp pass=True reason=pass latency=13.55s
2026-04-22 17:41:22,436 INFO task=967 mode=with_mcp pass=False reason=assertion_error latency=13.89s
2026-04-22 17:41:25,994 INFO task=228 mode=with_mcp pass=False reason=runtime_error latency=11.69s
2026-04-22 17:41:29,664 INFO task=903 mode=with_mcp pass=False reason=assertion_error latency=12.88s
2026-04-22 17:41:32,408 INFO task=762 mode=with_mcp pass=True reason=pass latency=13.01s
2026-04-22 17:41:35,185 INFO task=63 mode=with_mcp pass=False reason=assertion_error latency=12.73s
2026-04-22 17:41:38,249 INFO task=446 mode=with_mcp pass=True reason=pass latency=12.26s
2026-04-22 17:41:41,682 INFO task=696 mode=with_mcp pass=False reason=name_error latency=12.01s
2026-04-22 17:41:44,716 INFO task=861 mode=with_mcp pass=True reason=pass latency=12.31s
2026-04-22 17:41:47,771 INFO task=823 mode=with_mcp pass=False reason=assertion_error latency=12.56s
2026-04-22 17:41:57,643 INFO task=121 mode=with_mcp pass=False reason=assertion_error latency=19.39s
2026-04-22 17:42:00,646 INFO task=390 mode=with_mcp pass=False reason=assertion_error latency=18.95s
2026-04-22 17:42:09,823 INFO task=207 mode=with_mcp pass=False reason=assertion_error latency=25.11s
2026-04-22 17:42:13,282 INFO task=373 mode=with_mcp pass=True reason=pass latency=25.54s
2026-04-22 17:42:16,947 INFO task=293 mode=with_mcp pass=True reason=pass latency=19.29s
2026-04-22 17:42:20,386 INFO task=652 mode=with_mcp pass=False reason=assertion_error latency=19.74s
2026-04-22 17:42:28,044 INFO task=529 mode=with_mcp pass=False reason=assertion_error latency=18.22s
2026-04-22 17:42:32,097 INFO task=969 mode=with_mcp pass=False reason=assertion_error latency=18.84s
2026-04-22 17:42:34,970 INFO task=222 mode=with_mcp pass=True reason=pass latency=18.01s
2026-04-22 17:42:38,234 INFO task=904 mode=with_mcp pass=True reason=pass latency=17.85s
2026-04-22 17:42:38,234 INFO mode=with_mcp progress 875/974
2026-04-22 17:42:41,978 INFO task=771 mode=with_mcp pass=False reason=runtime_error latency=13.94s
2026-04-22 17:42:47,167 INFO task=66 mode=with_mcp pass=True reason=pass latency=15.07s
2026-04-22 17:42:50,528 INFO task=450 mode=with_mcp pass=True reason=pass latency=15.58s
2026-04-22 17:42:55,621 INFO task=698 mode=with_mcp pass=True reason=pass latency=17.39s
2026-04-22 17:42:58,734 INFO task=165 mode=with_mcp pass=True reason=pass latency=16.76s
2026-04-22 17:43:01,634 INFO task=824 mode=with_mcp pass=True reason=pass latency=14.47s
2026-04-22 17:43:04,621 INFO task=115 mode=with_mcp pass=True reason=pass latency=14.10s
2026-04-22 17:43:10,767 INFO task=427 mode=with_mcp pass=True reason=pass latency=15.15s
2026-04-22 17:43:14,821 INFO task=658 mode=with_mcp pass=True reason=pass latency=16.07s
2026-04-22 17:43:19,277 INFO task=363 mode=with_mcp pass=False reason=runtime_error latency=17.64s
2026-04-22 17:43:22,060 INFO task=305 mode=with_mcp pass=False reason=assertion_error latency=17.43s
2026-04-22 17:43:27,073 INFO task=190 mode=with_mcp pass=False reason=assertion_error latency=16.31s
2026-04-22 17:43:30,462 INFO task=521 mode=with_mcp pass=False reason=assertion_error latency=15.65s
2026-04-22 17:43:32,937 INFO task=970 mode=with_mcp pass=True reason=pass latency=13.67s
2026-04-22 17:43:35,832 INFO task=235 mode=with_mcp pass=False reason=assertion_error latency=13.77s
2026-04-22 17:43:41,455 INFO task=905 mode=with_mcp pass=False reason=assertion_error latency=14.38s
2026-04-22 17:43:44,078 INFO task=775 mode=with_mcp pass=False reason=assertion_error latency=13.62s
2026-04-22 17:43:48,107 INFO task=67 mode=with_mcp pass=False reason=runtime_error latency=15.05s
2026-04-22 17:43:57,435 INFO task=463 mode=with_mcp pass=True reason=pass latency=21.61s
2026-04-22 17:44:03,848 INFO task=699 mode=with_mcp pass=False reason=assertion_error latency=22.41s
2026-04-22 17:44:10,068 INFO task=853 mode=with_mcp pass=False reason=name_error latency=25.99s
2026-04-22 17:44:12,605 INFO task=825 mode=with_mcp pass=True reason=pass latency=24.59s
2026-04-22 17:44:17,081 INFO task=122 mode=with_mcp pass=False reason=name_error latency=19.64s
2026-04-22 17:44:18,254 INFO task=435 mode=with_mcp pass=True reason=pass latency=14.39s
2026-04-22 17:44:21,875 INFO task=666 mode=with_mcp pass=True reason=pass latency=11.82s
2026-04-22 17:44:21,876 INFO mode=with_mcp progress 900/974
2026-04-22 17:44:49,985 INFO task=346 mode=with_mcp pass=False reason=assertion_error latency=37.40s
2026-04-22 17:45:34,921 INFO task=307 mode=with_mcp pass=False reason=assertion_error latency=77.85s
2026-04-22 17:46:01,876 INFO task=653 mode=with_mcp pass=False reason=assertion_error latency=103.61s
2026-04-22 17:46:48,008 INFO task=972 mode=with_mcp pass=False reason=assertion_error latency=118.02s
2026-04-22 17:47:50,781 INFO task=906 mode=with_mcp pass=False reason=assertion_error latency=108.88s
2026-04-22 17:47:58,406 INFO task=531 mode=with_mcp pass=False reason=assertion_error latency=216.49s
2026-04-22 17:48:05,471 INFO task=767 mode=with_mcp pass=False reason=assertion_error latency=77.47s
2026-04-22 17:48:10,002 INFO task=236 mode=with_mcp pass=False reason=assertion_error latency=155.07s
2026-04-22 17:48:13,286 INFO task=68 mode=with_mcp pass=True reason=pass latency=22.54s
2026-04-22 17:48:16,867 INFO task=455 mode=with_mcp pass=True reason=pass latency=18.50s
2026-04-22 17:48:20,126 INFO task=700 mode=with_mcp pass=True reason=pass latency=14.65s
2026-04-22 17:48:30,421 INFO task=863 mode=with_mcp pass=False reason=assertion_error latency=20.42s
2026-04-22 17:48:46,001 INFO task=826 mode=with_mcp pass=False reason=assertion_error latency=32.72s
2026-04-22 17:48:54,994 INFO task=123 mode=with_mcp pass=False reason=name_error latency=38.12s
2026-04-22 17:49:07,255 INFO task=407 mode=with_mcp pass=False reason=assertion_error latency=47.11s
2026-04-22 17:49:11,273 INFO task=671 mode=with_mcp pass=False reason=assertion_error latency=40.85s
2026-04-22 17:49:14,562 INFO task=348 mode=with_mcp pass=False reason=assertion_error latency=28.57s
2026-04-22 17:49:18,724 INFO task=308 mode=with_mcp pass=True reason=pass latency=23.72s
2026-04-22 17:49:23,100 INFO task=656 mode=with_mcp pass=False reason=assertion_error latency=15.86s
2026-04-22 17:49:26,592 INFO task=517 mode=with_mcp pass=True reason=pass latency=15.31s
2026-04-22 17:49:29,327 INFO task=964 mode=with_mcp pass=True reason=pass latency=14.74s
2026-04-22 17:49:34,301 INFO task=237 mode=with_mcp pass=False reason=name_error latency=15.57s
2026-04-22 17:49:38,554 INFO task=907 mode=with_mcp pass=False reason=assertion_error latency=15.43s
2026-04-22 17:49:43,200 INFO task=776 mode=with_mcp pass=False reason=assertion_error latency=16.62s
2026-04-22 17:49:53,498 INFO task=60 mode=with_mcp pass=False reason=runtime_error latency=24.18s
2026-04-22 17:49:53,498 INFO mode=with_mcp progress 925/974
2026-04-22 17:49:56,709 INFO task=465 mode=with_mcp pass=True reason=pass latency=22.41s
2026-04-22 17:50:00,258 INFO task=704 mode=with_mcp pass=False reason=assertion_error latency=21.71s
2026-04-22 17:50:05,673 INFO task=865 mode=with_mcp pass=True reason=pass latency=22.50s
2026-04-22 17:50:09,570 INFO task=827 mode=with_mcp pass=True reason=pass latency=16.06s
2026-04-22 17:50:28,071 INFO task=129 mode=with_mcp pass=False reason=assertion_error latency=31.36s
2026-04-22 17:50:29,944 INFO task=430 mode=with_mcp pass=False reason=assertion_error latency=29.70s
2026-04-22 17:50:34,020 INFO task=340 mode=with_mcp pass=False reason=assertion_error latency=28.33s
2026-04-22 17:50:36,460 INFO task=309 mode=with_mcp pass=True reason=pass latency=26.90s
2026-04-22 17:50:38,216 INFO task=654 mode=with_mcp pass=True reason=pass latency=10.15s
2026-04-22 17:50:40,789 INFO task=526 mode=with_mcp pass=False reason=assertion_error latency=10.85s
2026-04-22 17:50:43,391 INFO task=12 mode=with_mcp pass=True reason=pass latency=9.36s
2026-04-22 17:50:47,002 INFO task=238 mode=with_mcp pass=False reason=assertion_error latency=10.52s
2026-04-22 17:50:52,886 INFO task=908 mode=with_mcp pass=False reason=runtime_error latency=14.67s
2026-04-22 17:50:57,691 INFO task=780 mode=with_mcp pass=True reason=pass latency=16.88s
2026-04-22 17:51:00,745 INFO task=69 mode=with_mcp pass=False reason=assertion_error latency=17.35s
2026-04-22 17:51:04,270 INFO task=498 mode=with_mcp pass=True reason=pass latency=17.30s
2026-04-22 17:51:09,448 INFO task=711 mode=with_mcp pass=False reason=assertion_error latency=16.56s
2026-04-22 17:51:12,280 INFO task=171 mode=with_mcp pass=True reason=pass latency=14.59s
2026-04-22 17:51:17,856 INFO task=828 mode=with_mcp pass=True reason=pass latency=17.12s
2026-04-22 17:51:19,840 INFO task=136 mode=with_mcp pass=False reason=assertion_error latency=15.53s
2026-04-22 17:51:22,049 INFO task=415 mode=with_mcp pass=False reason=assertion_error latency=12.62s
2026-04-22 17:51:23,887 INFO task=143 mode=with_mcp pass=False reason=assertion_error latency=11.63s
2026-04-22 17:51:27,824 INFO task=343 mode=with_mcp pass=False reason=assertion_error latency=9.98s
2026-04-22 17:51:30,561 INFO task=284 mode=with_mcp pass=True reason=pass latency=10.77s
2026-04-22 17:51:33,642 INFO task=177 mode=with_mcp pass=False reason=assertion_error latency=11.58s
2026-04-22 17:51:33,642 INFO mode=with_mcp progress 950/974
2026-04-22 17:51:36,594 INFO task=535 mode=with_mcp pass=False reason=runtime_error latency=12.70s
2026-04-22 17:51:38,737 INFO task=966 mode=with_mcp pass=True reason=pass latency=10.90s
2026-04-22 17:51:41,916 INFO task=212 mode=with_mcp pass=True reason=pass latency=11.34s
2026-04-22 17:51:45,317 INFO task=232 mode=with_mcp pass=True reason=pass latency=11.67s
2026-04-22 17:51:49,739 INFO task=909 mode=with_mcp pass=True reason=pass latency=13.13s
2026-04-22 17:51:52,410 INFO task=759 mode=with_mcp pass=True reason=pass latency=13.64s
2026-04-22 17:51:54,838 INFO task=62 mode=with_mcp pass=True reason=pass latency=12.93s
2026-04-22 17:51:56,912 INFO task=477 mode=with_mcp pass=True reason=pass latency=11.61s
2026-04-22 17:51:59,550 INFO task=712 mode=with_mcp pass=False reason=assertion_error latency=9.84s
2026-04-22 17:52:04,385 INFO task=866 mode=with_mcp pass=True reason=pass latency=12.01s
2026-04-22 17:52:06,660 INFO task=833 mode=with_mcp pass=True reason=pass latency=11.82s
2026-04-22 17:52:10,308 INFO task=140 mode=with_mcp pass=False reason=assertion_error latency=13.37s
2026-04-22 17:52:13,832 INFO task=422 mode=with_mcp pass=True reason=pass latency=14.25s
2026-04-22 17:52:16,921 INFO task=156 mode=with_mcp pass=False reason=runtime_error latency=12.53s
2026-04-22 17:52:19,427 INFO task=352 mode=with_mcp pass=False reason=name_error latency=12.75s
2026-04-22 17:52:22,486 INFO task=295 mode=with_mcp pass=False reason=assertion_error latency=12.18s
2026-04-22 17:52:29,216 INFO task=179 mode=with_mcp pass=False reason=assertion_error latency=15.39s
2026-04-22 17:52:32,823 INFO task=518 mode=with_mcp pass=True reason=pass latency=15.91s
2026-04-22 17:52:36,186 INFO task=11 mode=with_mcp pass=True reason=pass latency=16.77s
2026-04-22 17:52:39,910 INFO task=233 mode=with_mcp pass=False reason=name_error latency=17.44s
2026-04-22 17:52:43,850 INFO task=911 mode=with_mcp pass=True reason=pass latency=14.65s
2026-04-22 17:52:47,046 INFO task=781 mode=with_mcp pass=False reason=name_error latency=14.22s
2026-04-22 17:52:58,490 INFO task=71 mode=with_mcp pass=False reason=assertion_error latency=22.27s
2026-04-22 17:53:01,442 INFO task=713 mode=with_mcp pass=False reason=assertion_error latency=21.50s
2026-04-22 17:53:01,442 INFO mode=with_mcp progress 974/974
2026-04-22 17:53:01,448 INFO mode=with_mcp pass@1=0.4487 (437/974)
2026-04-22 17:53:01,449 INFO === done ===
2026-04-22 17:53:01,449 INFO without_mcp: pass@1=0.4559 n=974
2026-04-22 17:53:01,449 INFO with_mcp: pass@1=0.4487 n=974
2026-04-22 17:59:32,372 INFO loading dataset C:\Users\saumi\Desktop\CODES\openenv-DGXAI\benckmark-codeforge\dataset\mbpp.jsonl
2026-04-22 17:59:32,391 INFO dataset: 974 tasks, sha256=616cbea1e7b2123d6889382cccacb6ba29481fd873d2e716fddcaf1e7f3e20de
2026-04-22 17:59:32,392 INFO limited to 5 tasks
2026-04-22 17:59:32,392 INFO initializing CodeForge MCP client (corpus=C:\Users\saumi\Desktop\CODES\openenv-DGXAI\CODEFORGE\codeforge\kb\skills_corpus.jsonl, task_level=hard, top_k=3)
2026-04-22 17:59:34,306 INFO MCP client ready
2026-04-22 17:59:34,306 INFO === running mode=with_mcp on 5 tasks (concurrency=4, mcp=True) ===
2026-04-22 18:00:06,484 INFO task=603 mode=with_mcp pass=False reason=assertion_error latency=10.76s
2026-04-22 18:00:10,195 INFO task=604 mode=with_mcp pass=True reason=pass latency=12.59s
2026-04-22 18:00:17,156 INFO task=605 mode=with_mcp pass=True reason=pass latency=19.41s
2026-04-22 18:00:22,530 INFO task=602 mode=with_mcp pass=False reason=assertion_error latency=24.42s
2026-04-22 18:00:37,395 INFO task=601 mode=with_mcp pass=True reason=pass latency=30.87s
2026-04-22 18:00:37,395 INFO mode=with_mcp progress 5/5
2026-04-22 18:00:37,397 INFO mode=with_mcp pass@1=0.6000 (3/5)
2026-04-22 18:00:37,398 INFO === done ===
2026-04-22 18:00:37,398 INFO with_mcp: pass@1=0.6000 n=5
2026-04-22 18:00:52,061 INFO loading dataset C:\Users\saumi\Desktop\CODES\openenv-DGXAI\benckmark-codeforge\dataset\mbpp.jsonl
2026-04-22 18:00:52,071 INFO dataset: 974 tasks, sha256=616cbea1e7b2123d6889382cccacb6ba29481fd873d2e716fddcaf1e7f3e20de
2026-04-22 18:00:52,072 INFO initializing CodeForge MCP client (corpus=C:\Users\saumi\Desktop\CODES\openenv-DGXAI\CODEFORGE\codeforge\kb\skills_corpus.jsonl, task_level=hard, top_k=3)
2026-04-22 18:00:53,546 INFO MCP client ready
2026-04-22 18:00:53,546 INFO === running mode=with_mcp on 974 tasks (concurrency=4, mcp=True) ===
2026-04-22 18:06:57,612 INFO loading dataset C:\Users\saumi\Desktop\CODES\openenv-DGXAI\benckmark-codeforge\dataset\mbpp.jsonl
2026-04-22 18:06:57,620 INFO dataset: 974 tasks, sha256=616cbea1e7b2123d6889382cccacb6ba29481fd873d2e716fddcaf1e7f3e20de
2026-04-22 18:06:57,620 INFO initializing CodeForge MCP client (corpus=C:\Users\saumi\Desktop\CODES\openenv-DGXAI\CODEFORGE\codeforge\kb\skills_corpus.jsonl, task_level=hard, top_k=3)
2026-04-22 18:06:59,073 INFO MCP client ready
2026-04-22 18:06:59,073 INFO === running mode=with_mcp on 974 tasks (concurrency=4, mcp=True) ===
2026-04-22 18:16:20,063 INFO loading dataset C:\Users\saumi\Desktop\CODES\openenv-DGXAI\benckmark-codeforge\dataset\mbpp.jsonl
2026-04-22 18:16:20,072 INFO dataset: 974 tasks, sha256=616cbea1e7b2123d6889382cccacb6ba29481fd873d2e716fddcaf1e7f3e20de
2026-04-22 18:16:20,072 INFO limited to 10 tasks
2026-04-22 18:16:20,073 INFO initializing CodeForge MCP client (corpus=C:\Users\saumi\Desktop\CODES\openenv-DGXAI\CODEFORGE\codeforge\kb\skills_corpus.jsonl, task_level=hard, top_k=3)
2026-04-22 18:16:21,553 INFO MCP client ready
2026-04-22 18:16:21,554 INFO === running mode=with_mcp on 10 tasks (concurrency=2, mcp=True) ===
2026-04-22 18:16:27,315 INFO task=610 MCP done in 5.5s (cite=3, q=5, err=None)
2026-04-22 18:16:32,487 INFO task=610 mode=with_mcp pass=False reason=assertion_error latency=4.61s
2026-04-22 18:16:33,376 INFO task=602 MCP done in 11.6s (cite=3, q=5, err=None)
2026-04-22 18:16:38,605 INFO task=602 mode=with_mcp pass=False reason=assertion_error latency=4.75s
2026-04-22 18:16:40,246 INFO task=601 MCP done in 18.4s (cite=3, q=5, err=None)
2026-04-22 18:16:45,090 INFO task=605 MCP done in 23.3s (cite=3, q=5, err=None)
2026-04-22 18:16:50,077 INFO task=607 MCP done in 28.3s (cite=3, q=5, err=None)
2026-04-22 18:16:53,614 INFO task=601 mode=with_mcp pass=True reason=pass latency=12.70s
2026-04-22 18:16:55,112 INFO task=606 MCP done in 33.3s (cite=3, q=5, err=None)
2026-04-22 18:17:00,683 INFO task=605 mode=with_mcp pass=True reason=pass latency=15.42s
2026-04-22 18:17:00,942 INFO task=603 MCP done in 39.1s (cite=3, q=5, err=None)
2026-04-22 18:17:05,984 INFO task=607 mode=with_mcp pass=True reason=pass latency=12.74s
2026-04-22 18:17:10,356 INFO task=606 mode=with_mcp pass=True reason=pass latency=9.58s
2026-04-22 18:17:14,593 INFO task=603 mode=with_mcp pass=False reason=assertion_error latency=8.75s
2026-04-22 18:17:15,056 INFO task=608 MCP done in 53.2s (cite=3, q=5, err=None)
2026-04-22 18:17:21,101 INFO task=608 mode=with_mcp pass=False reason=name_error latency=5.79s
2026-04-22 18:17:29,551 INFO task=604 MCP done in 67.7s (cite=3, q=5, err=None)
2026-04-22 18:17:32,928 INFO task=604 mode=with_mcp pass=True reason=pass latency=3.19s
2026-04-22 18:17:43,156 INFO task=609 MCP done in 81.3s (cite=3, q=5, err=None)
2026-04-22 18:17:46,392 INFO task=609 mode=with_mcp pass=False reason=assertion_error latency=3.17s
2026-04-22 18:17:46,393 INFO mode=with_mcp progress 10/10
2026-04-22 18:17:46,395 INFO mode=with_mcp pass@1=0.5000 (5/10)
2026-04-22 18:17:46,396 INFO === done ===
2026-04-22 18:17:46,396 INFO with_mcp: pass@1=0.5000 n=10
2026-04-22 18:18:02,111 INFO loading dataset C:\Users\saumi\Desktop\CODES\openenv-DGXAI\benckmark-codeforge\dataset\mbpp.jsonl
2026-04-22 18:18:02,119 INFO dataset: 974 tasks, sha256=616cbea1e7b2123d6889382cccacb6ba29481fd873d2e716fddcaf1e7f3e20de
2026-04-22 18:18:02,119 INFO initializing CodeForge MCP client (corpus=C:\Users\saumi\Desktop\CODES\openenv-DGXAI\CODEFORGE\codeforge\kb\skills_corpus.jsonl, task_level=hard, top_k=3)
2026-04-22 18:18:03,559 INFO MCP client ready
2026-04-22 18:18:03,559 INFO === running mode=with_mcp on 974 tasks (concurrency=2, mcp=True) ===
2026-04-22 18:18:15,305 INFO task=290 MCP done in 11.5s (cite=3, q=5, err=None)
2026-04-22 18:18:19,909 INFO task=290 mode=with_mcp pass=True reason=pass latency=4.21s
2026-04-22 18:18:27,881 INFO task=798 MCP done in 24.1s (cite=3, q=5, err=None)
2026-04-22 18:18:31,716 INFO task=798 mode=with_mcp pass=True reason=pass latency=3.49s
2026-04-22 18:18:40,164 INFO task=413 MCP done in 20.6s (cite=3, q=5, err=None)
2026-04-22 18:18:44,032 INFO task=413 mode=with_mcp pass=False reason=assertion_error latency=3.34s
2026-04-22 18:18:52,151 INFO task=529 MCP done in 20.8s (cite=3, q=5, err=None)
2026-04-22 18:18:59,795 INFO task=529 mode=with_mcp pass=False reason=assertion_error latency=7.19s
2026-04-22 18:19:04,071 INFO task=692 MCP done in 20.6s (cite=3, q=5, err=None)
2026-04-22 18:19:10,189 INFO task=692 mode=with_mcp pass=False reason=name_error latency=5.74s
2026-04-22 18:19:15,322 INFO task=748 MCP done in 16.0s (cite=3, q=5, err=None)
2026-04-22 18:19:19,711 INFO task=748 mode=with_mcp pass=False reason=assertion_error latency=3.89s
2026-04-22 18:19:26,527 INFO task=923 MCP done in 16.7s (cite=3, q=5, err=None)
2026-04-22 18:19:34,862 INFO task=923 mode=with_mcp pass=False reason=assertion_error latency=7.90s
2026-04-22 18:19:38,137 INFO task=41 MCP done in 18.9s (cite=3, q=5, err=None)
2026-04-22 18:19:42,678 INFO task=41 mode=with_mcp pass=True reason=pass latency=4.14s
2026-04-22 18:19:49,426 INFO task=197 MCP done in 15.0s (cite=3, q=5, err=None)
2026-04-22 18:19:54,243 INFO task=858 MCP done in 12.0s (cite=3, q=5, err=None)
2026-04-22 18:19:55,483 INFO task=197 mode=with_mcp pass=True reason=pass latency=5.99s
2026-04-22 18:19:59,870 INFO task=858 mode=with_mcp pass=True reason=pass latency=5.19s
2026-04-22 18:20:00,260 INFO task=361 MCP done in 4.8s (cite=3, q=5, err=None)
2026-04-22 18:20:04,182 INFO task=361 mode=with_mcp pass=True reason=pass latency=3.39s
2026-04-22 18:20:05,173 INFO task=475 MCP done in 5.7s (cite=3, q=5, err=None)
2026-04-22 18:20:10,231 INFO task=503 MCP done in 6.6s (cite=3, q=5, err=None)
2026-04-22 18:20:12,380 INFO task=475 mode=with_mcp pass=True reason=pass latency=7.05s
2026-04-22 18:20:17,229 INFO task=9 MCP done in 5.0s (cite=3, q=5, err=None)
2026-04-22 18:20:18,452 INFO task=503 mode=with_mcp pass=True reason=pass latency=8.12s
2026-04-22 18:20:23,117 INFO task=9 mode=with_mcp pass=False reason=assertion_error latency=5.54s
2026-04-22 18:20:23,124 INFO task=951 MCP done in 4.8s (cite=3, q=5, err=None)
2026-04-22 18:20:28,363 INFO task=76 MCP done in 5.6s (cite=3, q=5, err=None)
2026-04-22 18:20:28,595 INFO task=951 mode=with_mcp pass=True reason=pass latency=5.37s
2026-04-22 18:20:33,891 INFO task=76 mode=with_mcp pass=False reason=assertion_error latency=5.11s
2026-04-22 18:20:33,911 INFO task=249 MCP done in 5.4s (cite=3, q=5, err=None)
2026-04-22 18:20:39,016 INFO task=249 mode=with_mcp pass=False reason=assertion_error latency=4.65s
2026-04-22 18:20:45,446 INFO task=285 MCP done in 12.0s (cite=3, q=5, err=None)
2026-04-22 18:20:56,174 INFO task=285 mode=with_mcp pass=False reason=assertion_error latency=10.18s
2026-04-22 18:20:56,841 INFO task=805 MCP done in 18.3s (cite=3, q=5, err=None)
2026-04-22 18:21:02,426 INFO task=805 mode=with_mcp pass=True reason=pass latency=5.20s
2026-04-22 18:21:07,929 INFO task=414 MCP done in 12.3s (cite=3, q=5, err=None)
2026-04-22 18:21:12,350 INFO task=414 mode=with_mcp pass=True reason=pass latency=4.00s
2026-04-22 18:21:19,280 INFO task=545 MCP done in 17.2s (cite=3, q=5, err=None)
2026-04-22 18:21:26,198 INFO task=545 mode=with_mcp pass=False reason=assertion_error latency=6.44s
2026-04-22 18:21:27,945 INFO task=693 MCP done in 16.0s (cite=3, q=5, err=None)
2026-04-22 18:21:33,046 INFO task=693 mode=with_mcp pass=True reason=pass latency=4.58s
2026-04-22 18:21:38,988 INFO task=723 MCP done in 13.3s (cite=3, q=5, err=None)
2026-04-22 18:21:43,472 INFO task=723 mode=with_mcp pass=True reason=pass latency=4.03s
2026-04-22 18:21:50,303 INFO task=924 MCP done in 17.8s (cite=3, q=5, err=None)
2026-04-22 18:21:57,368 INFO task=924 mode=with_mcp pass=True reason=pass latency=6.52s
2026-04-22 18:21:58,811 INFO task=44 MCP done in 15.8s (cite=3, q=5, err=None)
2026-04-22 18:22:05,321 INFO task=44 mode=with_mcp pass=False reason=assertion_error latency=6.20s
2026-04-22 18:22:05,352 INFO mode=with_mcp progress 25/974
2026-04-22 18:22:05,822 INFO task=603 MCP done in 9.0s (cite=3, q=5, err=None)
2026-04-22 18:22:14,502 INFO task=603 mode=with_mcp pass=False reason=assertion_error latency=8.26s
2026-04-22 18:22:16,858 INFO task=851 MCP done in 11.8s (cite=3, q=5, err=None)
2026-04-22 18:22:24,773 INFO task=851 mode=with_mcp pass=False reason=assertion_error latency=7.51s
2026-04-22 18:22:27,985 INFO task=215 MCP done in 13.9s (cite=3, q=5, err=None)
2026-04-22 18:22:35,836 INFO task=215 mode=with_mcp pass=False reason=runtime_error latency=7.42s
2026-04-22 18:22:39,498 INFO task=375 MCP done in 15.1s (cite=3, q=5, err=None)
2026-04-22 18:22:44,369 INFO task=375 mode=with_mcp pass=True reason=pass latency=4.46s
2026-04-22 18:22:48,425 INFO task=477 MCP done in 13.0s (cite=3, q=5, err=None)
2026-04-22 18:22:52,522 INFO task=477 mode=with_mcp pass=False reason=assertion_error latency=3.67s
2026-04-22 18:22:53,462 INFO task=507 MCP done in 9.5s (cite=3, q=5, err=None)
2026-04-22 18:22:57,970 INFO task=507 mode=with_mcp pass=True reason=pass latency=3.87s
2026-04-22 18:22:58,938 INFO task=2 MCP done in 6.8s (cite=3, q=5, err=None)
2026-04-22 18:23:03,796 INFO task=2 mode=with_mcp pass=True reason=pass latency=4.60s
2026-04-22 18:23:03,811 INFO task=954 MCP done in 6.5s (cite=3, q=5, err=None)
2026-04-22 18:23:08,535 INFO task=954 mode=with_mcp pass=True reason=pass latency=4.42s
2026-04-22 18:23:08,547 INFO task=70 MCP done in 5.0s (cite=3, q=5, err=None)
2026-04-22 18:23:12,974 INFO task=226 MCP done in 4.7s (cite=3, q=5, err=None)
2026-04-22 18:23:13,054 INFO task=70 mode=with_mcp pass=False reason=assertion_error latency=4.35s
2026-04-22 18:23:17,316 INFO task=226 mode=with_mcp pass=True reason=pass latency=3.79s
2026-04-22 18:23:17,557 INFO task=287 MCP done in 4.7s (cite=3, q=5, err=None)
2026-04-22 18:23:22,351 INFO task=287 mode=with_mcp pass=True reason=pass latency=4.31s
2026-04-22 18:23:22,397 INFO task=807 MCP done in 5.6s (cite=3, q=5, err=None)
2026-04-22 18:23:27,134 INFO task=415 MCP done in 5.3s (cite=3, q=5, err=None)
2026-04-22 18:23:30,275 INFO task=807 mode=with_mcp pass=True reason=pass latency=7.79s
2026-04-22 18:23:34,631 INFO task=415 mode=with_mcp pass=False reason=assertion_error latency=7.03s
2026-04-22 18:23:34,886 INFO task=540 MCP done in 4.7s (cite=3, q=5, err=None)
2026-04-22 18:23:39,599 INFO task=671 MCP done in 5.4s (cite=3, q=5, err=None)
2026-04-22 18:23:39,988 INFO task=540 mode=with_mcp pass=False reason=assertion_error latency=5.01s
2026-04-22 18:23:44,141 INFO task=671 mode=with_mcp pass=False reason=assertion_error latency=4.11s
2026-04-22 18:23:44,676 INFO task=725 MCP done in 4.8s (cite=3, q=5, err=None)
2026-04-22 18:23:49,359 INFO task=725 mode=with_mcp pass=True reason=pass latency=4.28s
2026-04-22 18:23:49,375 INFO task=949 MCP done in 5.7s (cite=3, q=5, err=None)
2026-04-22 18:23:53,979 INFO task=949 mode=with_mcp pass=False reason=assertion_error latency=4.31s
2026-04-22 18:23:57,904 INFO task=34 MCP done in 8.9s (cite=3, q=5, err=None)
2026-04-22 18:24:01,838 INFO task=34 mode=with_mcp pass=False reason=runtime_error latency=3.75s
2026-04-22 18:24:10,037 INFO task=604 MCP done in 16.4s (cite=3, q=5, err=None)
2026-04-22 18:24:14,369 INFO task=604 mode=with_mcp pass=True reason=pass latency=3.88s
2026-04-22 18:24:15,327 INFO task=859 MCP done in 13.7s (cite=3, q=5, err=None)
2026-04-22 18:24:19,959 INFO task=189 MCP done in 6.0s (cite=3, q=5, err=None)
2026-04-22 18:24:20,038 INFO task=859 mode=with_mcp pass=False reason=assertion_error latency=4.58s
2026-04-22 18:24:24,808 INFO task=378 MCP done in 4.9s (cite=3, q=5, err=None)
2026-04-22 18:24:25,681 INFO task=189 mode=with_mcp pass=True reason=pass latency=5.60s
2026-04-22 18:24:30,262 INFO task=478 MCP done in 4.7s (cite=3, q=5, err=None)
2026-04-22 18:24:30,289 INFO task=378 mode=with_mcp pass=False reason=assertion_error latency=5.36s
2026-04-22 18:24:34,151 INFO task=478 mode=with_mcp pass=True reason=pass latency=3.44s
2026-04-22 18:24:35,266 INFO task=502 MCP done in 5.1s (cite=3, q=5, err=None)
2026-04-22 18:24:39,724 INFO task=502 mode=with_mcp pass=True reason=pass latency=4.02s
2026-04-22 18:24:39,804 INFO task=582 MCP done in 6.1s (cite=3, q=5, err=None)
2026-04-22 18:24:43,271 INFO task=582 mode=with_mcp pass=True reason=pass latency=2.88s
2026-04-22 18:24:43,286 INFO mode=with_mcp progress 50/974
2026-04-22 18:24:44,610 INFO task=12 MCP done in 5.3s (cite=3, q=5, err=None)
2026-04-22 18:24:48,477 INFO task=12 mode=with_mcp pass=True reason=pass latency=3.35s
2026-04-22 18:24:49,711 INFO task=64 MCP done in 7.0s (cite=3, q=5, err=None)
2026-04-22 18:24:53,874 INFO task=64 mode=with_mcp pass=True reason=pass latency=3.57s
2026-04-22 18:24:54,667 INFO task=228 MCP done in 6.7s (cite=3, q=5, err=None)
2026-04-22 18:24:59,358 INFO task=228 mode=with_mcp pass=False reason=runtime_error latency=4.53s
2026-04-22 18:24:59,369 INFO task=295 MCP done in 6.1s (cite=3, q=5, err=None)
